--
-- PostgreSQL database dump
--

\restrict yGlQt3VVEAKzCkSdZBdDf6EEIQcfIEuLEBibT8Cl1YRGRZ1FSLSA9Oi14A96Jr4

-- Dumped from database version 17.6
-- Dumped by pg_dump version 18.3

SET statement_timeout = 0;
SET lock_timeout = 0;
SET idle_in_transaction_session_timeout = 0;
SET transaction_timeout = 0;
SET client_encoding = 'UTF8';
SET standard_conforming_strings = on;
SELECT pg_catalog.set_config('search_path', '', false);
SET check_function_bodies = false;
SET xmloption = content;
SET client_min_messages = warning;
SET row_security = off;

--
-- Data for Name: programs; Type: TABLE DATA; Schema: public; Owner: -
--

COPY public.programs (id, created_at, title, slug, theatre_name, show_dates, poster_image_url, director_notes, dramaturgical_note, billing_page, acts_songs, department_info, actf_ad_image_url, acknowledgements, season_calendar, production_photo_urls, custom_pages, layout_order, performance_schedule, music_director_note, special_thanks, sponsorships) FROM stdin;
9f7fce63-eae4-4d5e-a22c-88614f491147	2026-02-21 21:09:38.478822+00	Dolly West's Kitchen	dolly-wests-kitchen-8330	Beaudoin Theatre - Siena University	2026-04-16 - 2026-04-25										{}	[]	{poster,cast_bios,team_bios,director_note,acts_songs,production_photos,acknowledgements,season_calendar}	[]			
d5bb421a-adcd-4eb7-8ef8-b2bbc8ef5dfa	2026-02-23 18:54:40.398067+00	Rumors	rumors-0298	Beaudoin Theatre - Siena University	Nov 13, 2025 8:00 PM | Nov 14, 2025 8:00 PM | Nov 15, 2025 8:00 PM | Nov 16, 2025 3:00 PM | Nov 20, 2025 8:00 PM | Nov 21, 2025 8:00 PM | Nov 22, 2025 8:00 PM	https://qxffhvuhovyygthdgume.supabase.co/storage/v1/object/public/program-assets/programs/d5bb421a-adcd-4eb7-8ef8-b2bbc8ef5dfa/poster/1771898582627-rumors-poster.jpg	<p>Welcome to live theater. There’s nothing quite like art unfolding in front of you in real time where you can experience the sweat, the mistakes, the mishaps and miracles. And welcome, too, to 1987—a world where “mobile phones” were rare and weighed over two pounds, screens weren’t yet glued to our hands, and people actually gathered in living rooms to talk.&nbsp; Or, in this case a living room in Sneden’s Landing, a burb just outside of New York City, where wild misunderstandings are about to take place.</p><p><br></p><p><i>Rumors</i> is my third production here at Siena. My first two were Frankenstein—part of Siena’s campus-wide celebration honoring the 200th anniversary of Mary Shelley’s groundbreaking novel—and <i>Doctor Faustus</i> by Christopher Marlowe. After those two heavy hitters, I longed to direct a comedy. To have the opportunity to explore the rhythm, precision, and physicality that make a farce sing has been a delight. There’s a special kind of magic that happens when not just actors, but humans of all ages, throw themselves fully into the ridiculous and the sincere at the same time. Coming to rehearsals over the past two months and playing with these wonderfully talented students has been the joy of my day.</p><p><br></p><p>I could dig deep and claim that Rumors is apropos for our time—that this play reminds us how misinformation, assumptions, and preconceived notions can distort reality and tie us into knots. And sure, that’s in there somewhere. But honestly, why bother? What Rumors truly offers is lightening-speed, goofy fun—something I believe is always timely, and always needed.</p><p><br></p><p>So please, let these actors and words do their work. May tonight be as much of a diversion and tonic for you, as this process has been for us.</p><p><br></p><p>- Tom Truss, Director</p>	<p>Neil Simon’s <i>Rumors</i> tells a winding, farcical tale of a chaotic dinner party where four New York power couples must hastily cover up a possible scandal.<span>&nbsp;</span></p><p><br></p><p>Our story takes place in May of 1987, in Sneden’s Landing, New York<span>&nbsp; </span>(modern-day Palisades), an affluent town on the Hudson known for its beautiful scenery and its rich and famous inhabitants. The 80s were a time of neon colors, new-wave ideas, exciting technologies, and pop culture icons; however on the other end of the spectrum, there was the cold professionalism of Wall Street, the HIV/AIDS epidemic, the Cold War, and moral panics.</p><p><br></p><p>Neil Simon was a major figure on Broadway from the 1960s through the 1990s, where he wrote over 30 plays. His 23rd play, <i>Rumors</i>, made its Broadway debut at the Broadhurst Theatre on November 17, 1988, and ran until 1990. Directed by Gene Saks, the production featured Christine Baranski, Ken Howard, Ron Leibman, Joyce Van Patten and Jessica Walter.<span>&nbsp;</span></p><p><br></p><p>- Nora Schuyler, Dramaturg</p>			<h3>Siena University Creative Arts Department</h3><p>Chair &amp; Professor: Scott N. Foster MFA</p><p><br></p><p>Professor: Mahmood Karimi-Hakak, Paul Konye, PhD, Tim Reno, DMA, Rebecca Taylor, JD;</p><p><br></p><p>Associate Professor: Krysta Dennis, PhD, Germaine Gatewood, MFA, Joshua Iddings, PhD;</p><p><br></p><p>Teaching Professor: Katria Foster, MFA</p><p><br></p><p>Scene Shop Supervisor and Master Carpenter: Jeff Sullivan</p><p><br></p><p>The Siena University Creative Arts Department offers an education that unites the visual arts, theater, music, broadcast media, and history through a curriculum designed for students to study, create, and respond to various forms of art and communication. Faculty actively advise students and guide them through specialized tracks within the major based on their interests and ambitions. Graduates of the Creative Arts are well prepared for future personal, academic, or professional work in the arts.</p><p><br></p><p>The goal of the Creative Arts Department is to engage students with works of the creative imagination. Courses meet this goal through three approaches:</p><p><br></p><p><span>1.</span> By developing the students’ aesthetic appreciation of the arts of the world in which they live.</p><p><br></p><p><span>2.</span> By enabling students to understand the arts as reflections of the cultural spirit of various epochs.</p><p><br></p><p><span>3.</span> By encouraging the development of students’ own creative potential and skill. The Creative Arts Department offers a Creative Arts Major, a Visual Art and Design Major, a Theatre Major with tracks in Acting, Design, and Management, a Theatre Certificate, a multimedia certificate and minor, a minor in Creative Arts, and a minor in Broadcast and Society.</p>	https://qxffhvuhovyygthdgume.supabase.co/storage/v1/object/public/program-assets/programs/d5bb421a-adcd-4eb7-8ef8-b2bbc8ef5dfa/sponsor/1772005031347-actf-full-page-sponsorship-accessible.docx.jpg	<p>Dean Christiane Farnan and the School of Liberal Arts Office</p><p><br></p><p>Dr. Margaret Madden, Provost, and the Office of Academic Affairs</p><p><br></p><p>President Chuck Seifert and the President’s Office</p><p><br></p><p>Creative Arts Chair Scott Foster and the Creative Arts Faculty</p><p><br></p><p>The Siena University Print Shop</p><p><br></p><p>You, our guests, especially our teachers, students, colleagues, family, and friends.</p>	<h3>Upcoming Creative Arts Events</h3><h3>DEC 5-5</h3><p><strong>Annual Festival of Lessons & Carols</strong><br>St. Mary of the Angels Chapel at 8:00PM</p><h3>DEC 8</h3><p><strong>Crea 311 Reception</strong><br>Foy Gallery at 1:30PM</p><h3>MAR 21-22</h3><p><strong>Misatango</strong><br>St. Mary of the Angels Chapel at Saturday at 7:30PM, Sunday at 2:00PM</p><h3>MAR 31</h3><p><strong>Juried Art Show Reception</strong><br>Foy Hall Gallery at 4:30PM</p><h3>APR 16-25</h3><p><strong>Dolly West's Kitchen</strong><br>Beaudoin Theatre at 8:00PM (3:00PM Matinee on Sunday)</p><h3>MAY 1-17</h3><p><strong>Capstone Exhibition</strong><br>Foy Hall Gallery</p><h3>MAY 2-3</h3><p><strong>Spring Cabaret</strong><br>Beaudoin Theatre at Saturday at 8:00PM, Sunday at 3:00PM</p>	{}	[]	{poster,director_note,dramaturgical_note,cast_bios,team_bios,acknowledgements,department_info,season_calendar}	[{"date": "2025-11-13", "time": "20:00"}, {"date": "2025-11-14", "time": "20:00"}, {"date": "2025-11-15", "time": "20:00"}, {"date": "2025-11-16", "time": "15:00"}, {"date": "2025-11-20", "time": "20:00"}, {"date": "2025-11-21", "time": "20:00"}, {"date": "2025-11-22", "time": "20:00"}]			
\.


--
-- Data for Name: people; Type: TABLE DATA; Schema: public; Owner: -
--

COPY public.people (id, created_at, program_id, full_name, role_title, bio, team_type, headshot_url, email, submission_status, submitted_at, first_name, last_name, preferred_name, pronouns, submission_type, no_bio) FROM stdin;
44723ef4-ca6f-4b58-8121-d698042bc345	2026-02-23 17:42:05.051137+00	9f7fce63-eae4-4d5e-a22c-88614f491147	Brian Bernhard	Scenic Designer		production		brianbernhard3@gmail.com	pending	\N	Brian	Bernhard		He / They	bio	f
014eaabd-46a7-45c2-a86b-94eee1e8db47	2026-02-23 18:55:44.991264+00	d5bb421a-adcd-4eb7-8ef8-b2bbc8ef5dfa	Mike Lounello	Production Manager	<p>Mike is a Designer &amp; Innovator specializing in immersive experiences, audiovisual solutions, and entertainment design. As Siena University’s Production Manager, he oversees campus productions and designs. With over a decade of work spanning concerts, TV, and corporate events. He serves on the ACTF Region<span>1 and Shaker Ridge boards and enjoys golf, skiing, and boating.</span></p>	production		mlounello@siena.edu	approved	2026-02-25 06:59:15.295+00	Michael	Lounello	Mike	He / Him	bio	f
622d965b-68f8-4787-82cf-76367d7c98a4	2026-02-23 17:42:05.051137+00	9f7fce63-eae4-4d5e-a22c-88614f491147	Adriana Fatato	Wardrobe		production		an03fata@siena.edu	pending	\N	Adriana	Fatato		She / Her	bio	f
4da0fe1f-168f-49df-a067-a7f80c40c2e8	2026-02-23 17:42:05.051137+00	9f7fce63-eae4-4d5e-a22c-88614f491147	Allison Boyle	Assistant Stage Manager		production		an14boyl@siena.edu	pending	\N	Allison	Boyle		Any	bio	f
ff9d9855-7bbc-47ce-af45-c05bcee3b65b	2026-02-23 17:42:05.051137+00	9f7fce63-eae4-4d5e-a22c-88614f491147	Angie Brandt	Assistant Stage Manager		production		ak10bran@siena.edu	pending	\N	Angelina	Brandt	Angie	She / Her	bio	f
63684bdc-3b08-4715-8c57-6233224770b5	2026-02-23 17:42:05.051137+00	9f7fce63-eae4-4d5e-a22c-88614f491147	Azfar Bin Mohamed Azman	Dramaturg		production		ms07binm@siena.edu	pending	\N	Mohamed Azfar	Bin Mohamed Azman	Azfar	He / Him	bio	f
a6f4edbe-7834-43c5-88f0-17518f25c92f	2026-02-23 17:42:05.051137+00	9f7fce63-eae4-4d5e-a22c-88614f491147	Bella Scavo	Props Master		production		i23scav@siena.edu	pending	\N	Isabella	Scavo	Bella	She / Her	bio	f
efb02484-504b-4d99-b827-d4e3f541fcf2	2026-02-23 17:42:05.051137+00	9f7fce63-eae4-4d5e-a22c-88614f491147	Brianne Borter	Assistant Production Electrician		production		beborter@gmail.com	pending	\N	Brianne	Borter		She / Her	bio	f
913fb563-32d0-43f5-a4cd-e4d823514428	2026-02-23 17:42:05.051137+00	9f7fce63-eae4-4d5e-a22c-88614f491147	Connor Rock	Scenic Painter		production		connorgordonrock@gmail.com	pending	\N	Connor	Rock		He / Him	bio	f
53215072-449a-46c7-8e9e-4c0a819ab539	2026-02-23 17:42:05.051137+00	9f7fce63-eae4-4d5e-a22c-88614f491147	Danielle Patton	Costume Designer; Costume Shop Manager		production		dpatton@siena.edu	pending	\N	Danielle	Patton	Danielle	She / Her	bio	f
cf5490d6-c866-4ce1-9a2d-9c5847386251	2026-02-23 17:42:05.051137+00	9f7fce63-eae4-4d5e-a22c-88614f491147	Emma Washburn	Assistant Props Master		production		ej21wash@siena.edu	pending	\N	Emma	Washburn		She / Her	bio	f
ffe99c97-a17b-48ff-af2a-771cb32e449f	2026-02-23 17:42:05.051137+00	9f7fce63-eae4-4d5e-a22c-88614f491147	Evan Moore	Production Electrician		production		eroom.nave@gmail.com	pending	\N	Evan	Moore	Evan	He / Him	bio	f
81fa2d1e-e30d-496c-820f-41f25af68022	2026-02-23 17:42:05.051137+00	9f7fce63-eae4-4d5e-a22c-88614f491147	Daniel Montilla	Marco Delavicario		cast		dl28mont@siena.edu	pending	\N	Daniel	Montilla		He / Him	bio	f
01bfdbc3-1d59-474a-9210-3c4dc70fa008	2026-02-23 17:42:05.051137+00	9f7fce63-eae4-4d5e-a22c-88614f491147	Anna King	Carpenter		production		am13king@siena.edu	pending	\N	Anna	King			bio	f
490e320b-cd1a-4541-a8a7-7920f68eaf91	2026-02-23 17:42:05.051137+00	9f7fce63-eae4-4d5e-a22c-88614f491147	Cora Schultz	Anna Owens		cast		c16schu@siena.edu	pending	\N	Cora	Schultz		She / Her	bio	f
41128de2-5f4c-45fb-8c2c-6cc4ec5bb71f	2026-02-23 17:42:05.051137+00	9f7fce63-eae4-4d5e-a22c-88614f491147	Chris Foster	Director		production		2cfoster2@gmail.com	pending	\N	Christopher	Foster	Chris	He / Him	bio	f
60fd7cd0-3501-4cdb-8525-6284cc2a30d7	2026-02-23 17:42:05.051137+00	9f7fce63-eae4-4d5e-a22c-88614f491147	Jayden Wojcik	Assistant Stage Manager		production		jm12wojc@siena.edu	pending	\N	Jayden	Wojcik		He / Him	bio	f
7665a591-8363-45cb-a238-ce372ddf96fc	2026-02-23 17:42:05.051137+00	9f7fce63-eae4-4d5e-a22c-88614f491147	Jeff Sullivan	Master Carpenter & Scene Shop Supervisor		production		jasullivan@siena.edu	pending	\N	Jeffrey	Sullivan	Jeff	He / Him	bio	f
4c220426-62bd-4b50-b9b3-662bd37d91fc	2026-02-23 17:42:05.051137+00	9f7fce63-eae4-4d5e-a22c-88614f491147	Krysta Dennis	Dialect Coach; Intimacy Coordinator		production		kdennis@siena.edu	pending	\N	Krysta	Dennis	Krysta	She / Her	bio	f
921c0e12-e820-4772-aad7-50d77182abfc	2026-02-23 17:42:05.051137+00	9f7fce63-eae4-4d5e-a22c-88614f491147	Liam Healy	Sound Designer		production		la21heal@siena.edu	pending	\N	Liam	Healy		He / Him	bio	f
69bea7ae-80c0-48bc-8ea5-7ae6e7cae614	2026-02-23 17:42:05.051137+00	9f7fce63-eae4-4d5e-a22c-88614f491147	Orin James	Sound Operator; Sound Programmer		production		od03jame@siena.edu	pending	\N	Orin	James		He / Him	bio	f
f65fc78b-aebb-4766-8a9b-0ad1821fdf02	2026-02-23 17:42:05.051137+00	9f7fce63-eae4-4d5e-a22c-88614f491147	Owen Kenny	Producer		production		op18kenn@siena.edu	pending	\N	Owen	Kenny		He / Him	bio	f
75106f9c-7cb8-45f3-8c58-fa7f795ab0b4	2026-02-23 17:42:05.051137+00	9f7fce63-eae4-4d5e-a22c-88614f491147	Paul Hudson	Lighting Designer		production		paulhudsonld@gmail.com	pending	\N	Paul	Hudson		He / Him	bio	f
5118e7fc-59b1-4074-aba8-c65ca6bd863c	2026-02-23 17:42:05.051137+00	9f7fce63-eae4-4d5e-a22c-88614f491147	Raelynn Peliel	Carpenter		production		a13peli@siena.edu	pending	\N	Raelynn	Peliel		She / They	bio	f
8f75775f-f310-4c55-99b9-99a706f6c4c7	2026-02-23 17:42:05.051137+00	9f7fce63-eae4-4d5e-a22c-88614f491147	Sam Castle	Wardrobe		production		si24cast@siena.edu	pending	\N	Samantha	Castle	Sam	She / Her	bio	f
78b0ad5f-e921-4f6b-b4f5-386fa1a5b24a	2026-02-23 17:42:05.051137+00	9f7fce63-eae4-4d5e-a22c-88614f491147	Grey Hertz	Dolly West		cast		gc04hert@siena.edu	pending	\N	Grey	Hertz		Any	bio	f
dd4eca45-cfb3-4b15-8838-63835d98053a	2026-02-23 17:42:05.051137+00	9f7fce63-eae4-4d5e-a22c-88614f491147	Hassan Lee Laing	Jamie O'Brien		cast		hl14lain@siena.edu	pending	\N	Hassan Lee	Laing		He / Him	bio	f
0d7aeb5a-c402-4b7e-9a7e-32875f5945ed	2026-02-23 18:55:44.991264+00	d5bb421a-adcd-4eb7-8ef8-b2bbc8ef5dfa	Brian Bernhard	Scenic Designer	Brian Bernhard is a New York based set designer. Selected Credits include Real Women Have Curves (Broadway, asst.), A Little Treat (East Village Basement), The Pillowman (Headwall Theatre Company), Becoming Eve (NYTW, asst.)	production		brianbernhard3@gmail.com	approved	2026-02-25 06:58:53.931+00	Brian	Bernhard		He / They	bio	f
f78a0760-0238-42e2-9216-2200f496f6ae	2026-02-23 18:55:44.991264+00	d5bb421a-adcd-4eb7-8ef8-b2bbc8ef5dfa	James Kelly	Ken Gorman	James Kelly (Ken) feels bittersweet about performing in his final show at Siena University. Over these four years he’s been a part of Doctor Faustus, Guys and Dolls, and Antigone, alongside directing last year’s student run production of Clown Bar. He would like to thank the cast and crew for this amazing opportunity to say goodbye and he hopes you enjoy the show!	cast		jd20kell@siena.edu	approved	2026-02-25 06:59:07.324+00	James	Kelly		He / Him	bio	f
528feb50-9c24-4fce-82a7-9f633bae9682	2026-02-23 17:42:05.051137+00	9f7fce63-eae4-4d5e-a22c-88614f491147	Patrick Liszewski	Ned Horgan		cast		pj03lisz@siena.edu	pending	\N	Patrick	Liszewski		He / They	bio	f
26fba0a8-d12d-4ed9-8569-4921f5372499	2026-02-23 17:42:05.051137+00	9f7fce63-eae4-4d5e-a22c-88614f491147	Joseph Duran	Lighting Operator; Lighting Technician		production		j05dura@siena.edu	pending	\N	Joseph	Duran		He / Him	bio	f
38b69659-8000-406b-b9e0-508f29ce9e50	2026-02-23 18:55:44.991264+00	d5bb421a-adcd-4eb7-8ef8-b2bbc8ef5dfa	Brianne Borter	Assistant Production Electrician		production		beborter@gmail.com	approved	2026-02-25 06:58:54.997+00	Brianne	Borter		She / Her	bio	t
36201c25-0d3b-4033-a91f-9716c2c938c5	2026-02-23 17:42:05.051137+00	9f7fce63-eae4-4d5e-a22c-88614f491147	Selyna Kalinowski	Esther Horgan		cast		sm19kali@siena.edu	pending	\N	Selyna	Kalinowski		She / Her	bio	f
bc9aba26-9af1-4309-b1a2-baef8c452c51	2026-02-23 18:55:44.991264+00	d5bb421a-adcd-4eb7-8ef8-b2bbc8ef5dfa	Emma Washburn	Officer Pudney	Emma Is excited to be a part of this production, and can't wait to finally perform at Siena again. She has been in many plays before, including last semester's production of Twelfth Night. Rumors will be her second performance at Siena, and is looking forward to seeing all the hard work pay off!	cast		ej21wash@siena.edu	approved	2026-02-25 06:59:01.675+00	Emma	Washburn		She / Her	bio	f
99988fad-b308-4213-b1cd-ee2117962c74	2026-02-23 18:55:44.991264+00	d5bb421a-adcd-4eb7-8ef8-b2bbc8ef5dfa	Connor Rock	Scenic Painter	Connor Rock (Scenic Painter) is an interdisciplinary artist and a Siena graduate. He gives endless thanks and gratitude to the Siena Creative Arts Department for propelling his journey as an artist and as a person, which has included getting his masters degree in England and writing for the Edinburgh Fringe Festival in Scotland.	production		connorgordonrock@gmail.com	approved	2026-02-25 06:58:56.406+00	Connor	Rock		He / Him	bio	f
a99001d1-9e42-4986-83a7-d5bef430221f	2026-02-23 18:55:44.991264+00	d5bb421a-adcd-4eb7-8ef8-b2bbc8ef5dfa	Annabelle Clemens	Claire Ganz	Annabelle Clemens (Claire Ganz), a freshman from Albany, NY, is excited to be making her Siena University theatre debut! Some favorite past credits include Fiddler on the Roof (Rabbi), Little Shop of Horrors (Audrey), and The Wedding Singer (Ensemble). She wants to give special thanks to Dr. O’Neill for always believing in her.	cast		ac09clem@siena.edu	approved	2026-02-25 06:58:52.869+00	Annabelle	Clemens		She / Her	bio	f
7d6d5a7d-d844-4e03-95ba-bd11df76d35f	2026-02-23 18:55:44.991264+00	d5bb421a-adcd-4eb7-8ef8-b2bbc8ef5dfa	Cora Schultz	Wardrobe	Cora is a Siena sophomore. This is her first main stage production, but has a long history with both performance and makeup. Cora is excited to help with this production, and looks forward to many more in the future!	production		c16schu@siena.edu	approved	2026-02-25 06:58:57.461+00	Cora	Schultz		She / Her	bio	f
1619911f-cc9a-4437-9a78-e01582043a01	2026-02-23 18:55:44.991264+00	d5bb421a-adcd-4eb7-8ef8-b2bbc8ef5dfa	Daniel Montilla	Assistant Director	Daniel is a senior Computer Science major, and Rumors is his sixth and final mainstage at Siena. He's excited for you to see everyone's hard work on stage! He'd like to thank his Director, Tom, his family, and all the friends and peers he's gotten to work with over the course of his time at Siena.	production		dl28mont@siena.edu	approved	2026-02-25 06:58:58.51+00	Daniel	Montilla		He / Him	bio	f
af55d165-787c-4325-ab18-31f46fe6f824	2026-02-23 18:55:44.991264+00	d5bb421a-adcd-4eb7-8ef8-b2bbc8ef5dfa	Evan Moore	Production Electrician		production		eroom.nave@gmail.com	approved	2026-02-25 06:59:02.723+00	Evan	Moore	Evan	He / Him	bio	t
1f172ea7-b1a4-431c-9b3d-2dd18891e4ee	2026-02-23 17:42:05.051137+00	9f7fce63-eae4-4d5e-a22c-88614f491147	Tommy Rooney	Justin West		cast		t05roon@siena.edu	pending	\N	Thomas	Rooney	Tommy	He / Him	bio	f
285151d1-62de-4e8f-85b6-eb51a6ffcac4	2026-02-23 17:42:05.051137+00	9f7fce63-eae4-4d5e-a22c-88614f491147	Nora Schuyler	Rima West		cast		nc02schu@siena.edu	pending	\N	Nora	Schuyler		She / Her	bio	f
0d8f2b34-463c-4adc-af5d-b17e5f21f821	2026-02-23 17:42:05.051137+00	9f7fce63-eae4-4d5e-a22c-88614f491147	Makayla Cusack	Assistant Props Master		production		ml02cusa@siena.edu	pending	\N	Makayla	Cusack		She / He	bio	f
3ea9331c-23f2-40b1-8a34-3f572f7bc5d4	2026-02-23 17:42:05.051137+00	9f7fce63-eae4-4d5e-a22c-88614f491147	Mike Lounello	Production Manager		production		mlounello@siena.edu	pending	\N	Michael	Lounello	Mike	He / Him	bio	f
4a524191-7467-4486-b6f1-e5b7acb23675	2026-02-23 17:42:05.051137+00	9f7fce63-eae4-4d5e-a22c-88614f491147	Joe Grueiro	Alec Redding		cast		jc19grue@siena.edu	pending	\N	Joseph	Grueiro	Joe	He / Him	bio	f
4811eaec-2cc5-4eb1-8c5d-d3351e93977d	2026-02-23 17:42:05.051137+00	9f7fce63-eae4-4d5e-a22c-88614f491147	Sam Rubinstein	Stage Manager		production		sr15rubi@siena.edu	pending	\N	Samantha	Rubinstein	Sam	She / They	bio	f
cd9aa423-21d8-40db-8fb1-51221d7605ac	2026-02-23 18:55:44.991264+00	d5bb421a-adcd-4eb7-8ef8-b2bbc8ef5dfa	Patrick Liszewski	Lenny Ganz	Patrick has been involved with Siena's theater since he stepped foot on campus, wherever there is theater, Patrick can be found. He is a computer science education major and a junior. On top of this, Patrick is also the secretary for Siena's wonderful Stage III! He would like to thank his family, friends, and girlfriend for their constant support throughout his journey.	cast		pj03lisz@siena.edu	approved	2026-02-25 06:59:19.513+00	Patrick	Liszewski		He / They	bio	f
c2dd42b1-46b7-4394-a27e-1d442642caf9	2026-02-23 18:55:44.991264+00	d5bb421a-adcd-4eb7-8ef8-b2bbc8ef5dfa	Nora Schuyler	Dramaturg; Lightboard Operator	Nora has been in numerous productions before through her high school, but Rumors is her first college production and also her first as a dramaturg! She can often be found in a dark corner of Foy 107, frantically researching 1987 and bothering her favorite ASM, Jay. She would like to thank all of her friends for being the absolute best, and she hopes you all enjoy Rumors!	production		nc02schu@siena.edu	approved	2026-02-25 06:59:17.411+00	Nora	Schuyler		She / Her	bio	f
5b1c8bb9-c12b-4327-ad6b-4b5e5eff7aa4	2026-02-23 18:55:44.991264+00	d5bb421a-adcd-4eb7-8ef8-b2bbc8ef5dfa	Danielle Patton	Costume Designer; Costume Shop Manager	Danielle Patton is a Costume Designer in the Albany area and has been working in costumes for over 20 years. She studied fashion design at FIT in New York, NY.  She has worked with MadeXHudson, Khymanyo Studio, The Workroom NYC, Walt Disney World, The Egg and others.  Her work has been featured locally at Electric City Couture, Albany Barn and Park Playhouse.	production		dpatton@siena.edu	approved	2026-02-25 06:58:59.548+00	Danielle	Patton	Danielle	She / Her	bio	f
23657b58-9e88-4311-bde9-bdf7ef9d25a1	2026-02-23 18:55:44.991264+00	d5bb421a-adcd-4eb7-8ef8-b2bbc8ef5dfa	Orin James	Sound Designer	Orin is excited to be continuing his journey in Siena’s Creative Arts by taking a new step as the sound designer for rumors. This has been a huge opportunity for him, allowing him to learn more about the design process. Orin has previously worked as Assistant Sound Designer and Assistant Music Director for Siena shows. He hopes everyone enjoys the show!	production		od03jame@siena.edu	approved	2026-02-25 06:59:18.468+00	Orin	James		He / Him	bio	f
ca9013d2-d064-4cfa-856b-830b0b2bef74	2026-02-23 18:55:44.991264+00	d5bb421a-adcd-4eb7-8ef8-b2bbc8ef5dfa	Grey Hertz	Chris Gorman	Grey Hertz is a Sophomore Theatre Performance Major from Bethlehem, NY! They have been in three other shows at Siena so far: Guys and Dolls (Sarah Brown), Clown Bar (Petunia), and Twelfth Night (Valentine). They want to thank everyone involved in the show and also thank their loved ones for the support! They are so excited to share this super funny show with you. Enjoy!	cast		gc04hert@siena.edu	approved	2026-02-25 06:59:04.118+00	Grey	Hertz		Any	bio	f
c3186636-8f58-4df0-bf24-ae0edced8345	2026-02-23 18:55:44.991264+00	d5bb421a-adcd-4eb7-8ef8-b2bbc8ef5dfa	Selyna Kalinowski	Assistant Stage Manager	Selyna is a Visual Arts & Design major who estatic to be involved with the Siena Theater Department. Involved with stage management once again, after being an ASM/A2 for Guys and Dolls & Actor Stage Manager for Twelfth Night. She is excited for this semester's show and for our future shows.	production		sm19kali@siena.edu	approved	2026-02-25 06:59:23.8+00	Selyna	Kalinowski		She / Her	bio	f
f4b5b5b9-07bb-46c5-993c-7507e9dc2276	2026-02-23 18:55:44.991264+00	d5bb421a-adcd-4eb7-8ef8-b2bbc8ef5dfa	Tommy Rooney	Glenn Cooper	Tommy Rooney is very excited to take part in Siena University theatre this year. He is a Senior Creative Arts major who has recently found a passion for acting. He appeared once before in Stage III's production, Clown Bar. However, Rumors will serve as his first appearance in a mainstage production! He is loving working alongside his friends and can't wait for the show!	cast		t05roon@siena.edu	approved	2026-02-25 06:59:25.934+00	Thomas	Rooney	Tommy	He / Him	bio	f
77614b5c-e9fd-4f94-aafa-b6a97abf6ea9	2026-02-23 18:55:44.991264+00	d5bb421a-adcd-4eb7-8ef8-b2bbc8ef5dfa	Jeff Sullivan	Master Carpenter & Scene Shop Supervisor		production		jasullivan@siena.edu	approved	2026-02-25 06:59:10.594+00	Jeffrey	Sullivan	Jeff	He / Him	bio	t
55ab1f30-2eb2-4198-b01b-38a580bed2bf	2026-02-23 18:55:44.991264+00	d5bb421a-adcd-4eb7-8ef8-b2bbc8ef5dfa	Lilia Livolsi	Assistant Producer	Lilia Livolsi (Assistant Producer) is a junior Psychology and French major. She sings basically every day, including Sundays in the chapel as a cantor in Psalm 150. Her favorite show she worked on was Stage III's production of Clown Bar, which was her first time working as a producer! She also acted in several roles for Siena's 2024 Climate Justice plays. Enjoy the show!!	production		ld16livo@siena.edu	approved	2026-02-25 06:59:14.22+00	Lilia	Livolsi		She / Her	bio	f
2e70a63e-d58c-4736-9883-b7d7e55609f9	2026-02-23 18:55:44.991264+00	d5bb421a-adcd-4eb7-8ef8-b2bbc8ef5dfa	Henry Steinmetz	Stage Manager	Henry Ray Steinmetz (Stage Manager) is excited to get back into theatre at Siena! After taking one year off, he's had a great time rejoining the community this fall. As president of Stage III, Henry is thoroughly involved in both mainstage and club theater. He is proud of the cast and crew of this show for all of their hard work this semester! Break a leg!	production		rr12stei@siena.edu	approved	2026-02-25 06:59:06.229+00	Henry	Steinmetz		Any	bio	f
6a5c6243-efca-436a-96e3-1c5af89a37d5	2026-02-23 18:55:44.991264+00	d5bb421a-adcd-4eb7-8ef8-b2bbc8ef5dfa	Sam Rubinstein	Cassie Cooper	Sam Rubinstein (Cassie Cooper) is thrilled to be doing another show at Siena! This is her first time acting in a main stage production, having previously done stage management and props. She is also involved with Stage III, and was Bobo in Clown Bar this past spring. She hopes you enjoy the show!	cast		sr15rubi@siena.edu	approved	2026-02-25 06:59:21.646+00	Samantha	Rubinstein	Sam	She / They	bio	f
369ded7e-901a-4744-bfc0-8f8bab0b5f21	2026-02-23 18:55:44.991264+00	d5bb421a-adcd-4eb7-8ef8-b2bbc8ef5dfa	Jayden Wojcik	Cookie Cusack	Jayden Wojcik is a junior majoring in Theatre Performance and Software Development from Glenmont, NY. Some recent shows he has been in are Siena's Twelfth Night, Siena’s Guys and Dolls, and Stage III's Clown Bar. This is also his first experience playing a female role! He would like to thank everyone involved in this hilarious production!	cast		jm12wojc@siena.edu	approved	2026-02-25 06:59:09.518+00	Jayden	Wojcik		He / Him	bio	f
b2b58bc4-c572-4f10-a67d-c48081df6af4	2026-02-23 18:55:44.991264+00	d5bb421a-adcd-4eb7-8ef8-b2bbc8ef5dfa	Jay Candela	Assistant Stage Manager	Though they have been in many shows, this is the first college production Jay has been a part of. When they're not feverishly working on scientific papers during rehearsal, Jay can be found doing their job by taking pictures of the cast and crew, creating sound effects for run throughs, or sprinting for stale bread to clean broken glass. She hopes you enjoy the show!	production		jp02cand@siena.edu	approved	2026-02-25 06:59:08.392+00	Juliana	Candela	Jay	Any	bio	f
38df7599-eac0-4611-aa2b-1902e7dfc93b	2026-02-23 18:55:44.991264+00	d5bb421a-adcd-4eb7-8ef8-b2bbc8ef5dfa	Tom Truss	Director	For 30+ years Tom Truss has been a performer, creator, and educator. His work has appeared from the Kennedy Center to the Wellington Fringe Festival. He has an MFA in Acting and another in Dance. He is certified in the Alexander Technique and Internal Family Systems, and is currently touring 3 shows: Tell Me What You Learned Tuesday, Tipsy MacBoozle, and ReWritten.	production		tomjtruss@gmail.com	approved	2026-02-25 06:59:24.864+00	Tom	Truss		He / Him	bio	f
3cc608cd-f4f7-4f71-8fb6-a6a7f00a3417	2026-02-23 18:55:44.991264+00	d5bb421a-adcd-4eb7-8ef8-b2bbc8ef5dfa	Hassan Lee Laing	Ernie Cusack	…is a third year Creative Arts and Theatre: Performance Track double major, with a Writing and Communications minor from Queens New York. He’s loved being part of the Siena theatre community, recently performing as Feste in Twelfth Night and currently serving as Stage III’s Vice President! He hopes you’ll split your ears from laughter!.. Not any other reason.	cast		hl14lain@siena.edu	approved	2026-02-25 06:59:05.166+00	Hassan Lee	Laing		He / Him	bio	f
6bf9ded3-b625-42cb-9fc8-5ce37757a69e	2026-02-23 18:55:44.991264+00	d5bb421a-adcd-4eb7-8ef8-b2bbc8ef5dfa	Elizabeth Holden	Assistant Stage Manager	Elizabeth Holden (Assistant Stage Manager) is a senior Math Education and Psychology major from Long Island, New York. This is her fifth time working on a main stage show at Siena College and she is excited to be working with the cast and crew again. She is proud of everyone’s hard work and hopes you enjoy the show!	production		er16hold@siena.edu	approved	2026-02-25 06:59:00.601+00	Elizabeth	Holden		She / Her	bio	f
c1a3d97d-e44e-4c45-9f8b-6c57800bd140	2026-02-23 18:55:44.991264+00	d5bb421a-adcd-4eb7-8ef8-b2bbc8ef5dfa	Nicole Silvester	Carpenter	Hi! I'm a senior at Siena who is majoring in Tech Theater. This is the second play I've been involved in during my studies, and I am incredibly excited to have worked on this production. They say you learn something new every day, and I try to live by that. I hope you enjoy watching the performance as much as I enjoyed working on it!	production		n22silv@siena.edu	approved	2026-02-25 06:59:16.362+00	Nicole	Silvester			bio	f
b611d522-15e6-4ebb-aa78-dc954d8b0ac7	2026-02-23 18:55:44.991264+00	d5bb421a-adcd-4eb7-8ef8-b2bbc8ef5dfa	Sam Castle	Props Designer; Props Master	I am a senior Creative Arts major with an Environmental Studies minor. I have really enjoyed my time working on the play this semester. Working on props has been a fun and challenging task and I’m so glad I got to be a part of this production.	production		si24cast@siena.edu	approved	2026-02-25 06:59:20.582+00	Samantha	Castle	Sam	She / Her	bio	f
566a5db8-0292-4820-8cfd-62f6c742b151	2026-02-23 18:55:44.991264+00	d5bb421a-adcd-4eb7-8ef8-b2bbc8ef5dfa	Joseph Duran	Officer Welch	Based in Brooklyn, Joseph Duran is an actor/singer and this is his second main stage production  where he plays as Officer Welch in Rumors. He was previously Duke Orsino in Twelfth Night and is an active participant in the Siena College Choir. He is currently a senior and is excited to be part of this show and would like to say a huge thanks to his family and best friends.	production		j05dura@siena.edu	approved	2026-02-25 06:59:12.081+00	Joseph	Duran		He / Him	bio	f
d80fa5a3-afa5-4085-a188-4258f1e01b71	2026-02-23 18:55:44.991264+00	d5bb421a-adcd-4eb7-8ef8-b2bbc8ef5dfa	Liam Healy	Sound Operator	This is Liam’s third show here at Siena, and his first time working behind the scenes during his time at Siena. He hopes that you all enjoy the show just as much if not more than as much fun as he had working on it and working with everyone involved!	production		la21heal@siena.edu	approved	2026-02-25 06:59:13.145+00	Liam	Healy		He / Him	bio	f
00302bef-d61b-4a82-8a63-5b02ee18e9bc	2026-02-23 18:55:44.991264+00	d5bb421a-adcd-4eb7-8ef8-b2bbc8ef5dfa	Sam Weiser	Lighting Designer	Samantha Weiser is a Brooklyn Based Lighting Designer and Associate. Previous design credits include: Sulfur Bottom (Theater Center, NYC), Twelfth Night (Siena College, NY), and Emilia (Long Island University, NY). More credits can be found at SamanthaWeiserLD.com	production		samweiser98@gmail.com	approved	2026-02-25 06:59:22.74+00	Samantha	Weiser	Sam		bio	f
05767b1c-6501-4084-a924-aa491e0fe098	2026-02-23 18:55:44.991264+00	d5bb421a-adcd-4eb7-8ef8-b2bbc8ef5dfa	Adriana Fatato	Assistant Scenic Painter	Adriana Fatato (she/her) is a graduate social work student. She has been a part of many theater productions. Her most recent role was Priest in <em>Twelfth Night</em>. She’s exploring a role backstage this semester with the Carpentry team as an Assistant Scenic Painter. She’s grateful for the support she has received from everyone throughout her years with Siena’s theater program.	production		an03fata@siena.edu	approved	2026-02-25 06:33:15.182+00	Adriana	Fatato		She / Her	bio	f
15ffb09e-ee8c-435b-85c7-58990021900a	2026-02-23 18:55:44.991264+00	d5bb421a-adcd-4eb7-8ef8-b2bbc8ef5dfa	Allison Boyle	Assistant Dramaturg	Allison is a second year student at Siena studying chemistry. She has previously worked for Siena's production of Guys and Dolls and Stage III's Clown Bar. This is their first time in the world of dramaturgy, and she's so excited to see how the play comes together in the end! Enjoy the show!	production		an14boyl@siena.edu	approved	2026-02-25 06:58:50.715+00	Allison	Boyle		Any	bio	f
6c854ec0-3ca0-4b9b-bcf7-bc76dae9bb16	2026-02-23 18:55:44.991264+00	d5bb421a-adcd-4eb7-8ef8-b2bbc8ef5dfa	Angie Brandt	Wardrobe	Angie Brandt, a social work major at Siena University, is thrilled to join “Rumors.” From Ravena, NY, she’s been passionate about theatre for 11 years. Favorite roles include Spot Collin (Newsies) and Olivia's Assistant(Twelfth Night). She’s also worked wardrobe for A Maze and Guys and Dolls. Thanks to her friends and family!	production		ak10bran@siena.edu	approved	2026-02-25 06:58:51.803+00	Angelina	Brandt	Angie	She / Her	bio	f
\.


--
-- Data for Name: seasons; Type: TABLE DATA; Schema: public; Owner: -
--

COPY public.seasons (id, created_at, updated_at, name) FROM stdin;
e7a795f3-08da-4e83-801e-b0cefa211350	2026-02-24 01:35:50.108502+00	2026-02-24 01:35:50.108502+00	AY 2025-2026
\.


--
-- Data for Name: shows; Type: TABLE DATA; Schema: public; Owner: -
--

COPY public.shows (id, created_at, updated_at, title, slug, start_date, end_date, venue, season_tag, status, is_published, published_at, program_id, reminders_paused, season_id) FROM stdin;
39b5e382-87d5-4112-baaa-0696d687d634	2026-02-21 21:09:38.855147+00	2026-02-23 16:35:17.546+00	Dolly West's Kitchen	dolly-wests-kitchen-8330	2026-04-16	2026-04-25	Beaudoin Theatre - Siena University	AY 2025-2026	draft	f	\N	9f7fce63-eae4-4d5e-a22c-88614f491147	f	\N
36bc3fcb-e24b-43f3-9be3-b1896ea0444d	2026-02-23 18:54:40.878345+00	2026-02-25 16:01:23.863+00	Rumors	rumors-0298	2025-11-13	2025-11-22	Beaudoin Theatre - Siena University	AY 2025-2026	draft	t	2026-02-25 16:01:23.863+00	d5bb421a-adcd-4eb7-8ef8-b2bbc8ef5dfa	t	e7a795f3-08da-4e83-801e-b0cefa211350
\.


--
-- Data for Name: assets; Type: TABLE DATA; Schema: public; Owner: -
--

COPY public.assets (id, show_id, person_id, asset_type, storage_path, metadata, created_by, created_at) FROM stdin;
\.


--
-- Data for Name: audit_log; Type: TABLE DATA; Schema: public; Owner: -
--

COPY public.audit_log (id, entity, entity_id, field, before_value, after_value, changed_by, reason, changed_at) FROM stdin;
76400a9d-0552-4edd-9b3b-ce3fcc5d6c26	show	39b5e382-87d5-4112-baaa-0696d687d634	people_add	\N	{"added": [{"id": "7bafc137-c36d-4dfc-8331-6ddb6f59bf57", "full_name": "Adriana Fatato", "team_type": "production", "role_title": "Wardrobe"}, {"id": "aefd7ed3-c98e-439e-9889-9f71b070b23b", "full_name": "Allison Boyle", "team_type": "production", "role_title": "Assistant Stage Manager"}, {"id": "269f0178-0e35-4380-973a-1e82d517dd35", "full_name": "Angie", "team_type": "production", "role_title": "Assistant Stage Manager"}, {"id": "b81a4c62-4d91-4b41-b74c-c8a9b512fc8b", "full_name": "Anna King", "team_type": "production", "role_title": "Carpenter"}, {"id": "10b90375-2a6c-41ef-8bc1-85f086364817", "full_name": "Azfar", "team_type": "production", "role_title": "Dramaturg"}, {"id": "b482d589-cebd-41f9-805e-98a1eaee2710", "full_name": "Bella", "team_type": "production", "role_title": "Props Master"}, {"id": "0db66f1e-0c52-4683-b3e0-d86f6b18c6df", "full_name": "Brian Bernhard", "team_type": "production", "role_title": "Scenic Designer"}, {"id": "ab3bfdd5-2a36-4305-bbb3-d51995a227d2", "full_name": "Brianne Borter", "team_type": "production", "role_title": "Assistant Production Electrician"}, {"id": "efea674a-6542-4dc6-a362-6e27b71618c5", "full_name": "Chris", "team_type": "production", "role_title": "Director"}, {"id": "fa7ff756-cb6a-4ec3-90f9-7a004691e9f5", "full_name": "Connor Rock", "team_type": "production", "role_title": "Scenic Painter"}, {"id": "17961f93-3dfe-4292-aa35-56af2aa7c77c", "full_name": "Cora Schultz", "team_type": "production", "role_title": "Anna Owens"}, {"id": "96f6ff77-3f32-4d0e-9dc7-70d897f15181", "full_name": "Daniel Montilla", "team_type": "production", "role_title": "Marco Delavicario"}, {"id": "462bc83f-bae4-4493-b495-b8961c4273af", "full_name": "Danielle", "team_type": "production", "role_title": "Costume Designer; Costume Shop Manager"}, {"id": "b289af7f-7209-4d59-abeb-fd422120532b", "full_name": "Emma Washburn", "team_type": "production", "role_title": "Assistant Props Master"}, {"id": "0d70cacd-f21e-4891-82b5-9a99d0cd508c", "full_name": "Evan", "team_type": "production", "role_title": "Production Electrician"}, {"id": "22b97e3b-20da-41b8-98bb-f9c5694c5715", "full_name": "Grey Hertz", "team_type": "production", "role_title": "Dolly West"}, {"id": "9414e959-6bc3-40f1-bbc6-4f11262f3377", "full_name": "Hassan Lee Laing", "team_type": "production", "role_title": "Jamie O'Brien"}, {"id": "90482b1b-5546-4ade-b3fc-9ab92f3cb5ac", "full_name": "Jayden Wojcik", "team_type": "production", "role_title": "Assistant Stage Manager"}, {"id": "71b77695-51b4-4076-aa0f-423fc26e03e8", "full_name": "Jeff", "team_type": "production", "role_title": "Master Carpenter & Scene Shop Supervisor"}, {"id": "c8f92460-2801-468f-b70d-706c2fa4fa46", "full_name": "Joe", "team_type": "production", "role_title": "Alec Redding"}, {"id": "b3a9e42b-f6f3-4482-8fe5-148b85af2054", "full_name": "Joseph Duran", "team_type": "production", "role_title": "Lighting Operator; Lighting Technician"}, {"id": "aecb0aec-4f17-4e21-82b8-417d2bcc0743", "full_name": "Krysta", "team_type": "production", "role_title": "Dialect Coach; Intimacy Coordinator"}, {"id": "f38b0e7a-cf06-45e7-8328-0c77fbe35221", "full_name": "Liam Healy", "team_type": "production", "role_title": "Sound Designer"}, {"id": "b23b2cc5-7e92-46e4-be29-041fa16ec30d", "full_name": "Makayla Cusack", "team_type": "production", "role_title": "Assistant Props Master"}, {"id": "2c6046c8-8f9a-4281-adeb-1e1cbe6d25d2", "full_name": "Mike", "team_type": "production", "role_title": "Production Manager"}, {"id": "c69b6db8-235b-40d7-b7a9-672b6bc66504", "full_name": "Nora Schuyler", "team_type": "production", "role_title": "Rima West"}, {"id": "cc9b845d-c2b6-49eb-add4-dd285a823478", "full_name": "Orin James", "team_type": "production", "role_title": "Sound Operator; Sound Programmer"}, {"id": "a28b71df-623b-4ed3-a280-e8c9c6862df5", "full_name": "Owen Kenny", "team_type": "production", "role_title": "Producer"}, {"id": "866ead9e-1cf1-4f22-aadc-b061a9ef6c69", "full_name": "Patrick Liszewski", "team_type": "production", "role_title": "Ned Horgan"}, {"id": "f3b84ac6-2cba-4001-aa60-0f4a1debbf54", "full_name": "Paul Hudson", "team_type": "production", "role_title": "Lighting Designer"}, {"id": "9f30ee9c-b974-4b64-aa7d-d5a3166758e6", "full_name": "Raelynn Peliel", "team_type": "production", "role_title": "Carpenter"}, {"id": "c5e36c60-3b36-4cf5-8bec-e961ce322292", "full_name": "Sam", "team_type": "production", "role_title": "Wardrobe"}, {"id": "5f02f92d-0dc5-49dc-9c83-20fae8838f4f", "full_name": "Sam", "team_type": "production", "role_title": "Stage Manager"}, {"id": "aa956837-ba9d-4a43-92da-258cff9489e1", "full_name": "Selyna Kalinowski", "team_type": "production", "role_title": "Esther Horgan"}, {"id": "bd0d4f04-60e1-42ce-8da5-e7144ec1823a", "full_name": "Tommy", "team_type": "production", "role_title": "Justin West"}]}	fb137e07-9006-47a3-9492-f4c155c31313	bulk import	2026-02-23 17:38:35.40226+00
058f13c3-ddee-4bbf-b105-f56a8580e37e	show	39b5e382-87d5-4112-baaa-0696d687d634	people_add	\N	{"added": [{"id": "622d965b-68f8-4787-82cf-76367d7c98a4", "full_name": "Adriana Fatato", "team_type": "production", "role_title": "Wardrobe"}, {"id": "4da0fe1f-168f-49df-a067-a7f80c40c2e8", "full_name": "Allison Boyle", "team_type": "production", "role_title": "Assistant Stage Manager"}, {"id": "ff9d9855-7bbc-47ce-af45-c05bcee3b65b", "full_name": "Angie Brandt", "team_type": "production", "role_title": "Assistant Stage Manager"}, {"id": "01bfdbc3-1d59-474a-9210-3c4dc70fa008", "full_name": "Anna King", "team_type": "production", "role_title": "Carpenter"}, {"id": "63684bdc-3b08-4715-8c57-6233224770b5", "full_name": "Azfar Bin Mohamed Azman", "team_type": "production", "role_title": "Dramaturg"}, {"id": "a6f4edbe-7834-43c5-88f0-17518f25c92f", "full_name": "Bella Scavo", "team_type": "production", "role_title": "Props Master"}, {"id": "44723ef4-ca6f-4b58-8121-d698042bc345", "full_name": "Brian Bernhard", "team_type": "production", "role_title": "Scenic Designer"}, {"id": "efb02484-504b-4d99-b827-d4e3f541fcf2", "full_name": "Brianne Borter", "team_type": "production", "role_title": "Assistant Production Electrician"}, {"id": "41128de2-5f4c-45fb-8c2c-6cc4ec5bb71f", "full_name": "Chris Foster", "team_type": "production", "role_title": "Director"}, {"id": "913fb563-32d0-43f5-a4cd-e4d823514428", "full_name": "Connor Rock", "team_type": "production", "role_title": "Scenic Painter"}, {"id": "490e320b-cd1a-4541-a8a7-7920f68eaf91", "full_name": "Cora Schultz", "team_type": "production", "role_title": "Anna Owens"}, {"id": "81fa2d1e-e30d-496c-820f-41f25af68022", "full_name": "Daniel Montilla", "team_type": "production", "role_title": "Marco Delavicario"}, {"id": "53215072-449a-46c7-8e9e-4c0a819ab539", "full_name": "Danielle Patton", "team_type": "production", "role_title": "Costume Designer; Costume Shop Manager"}, {"id": "cf5490d6-c866-4ce1-9a2d-9c5847386251", "full_name": "Emma Washburn", "team_type": "production", "role_title": "Assistant Props Master"}, {"id": "ffe99c97-a17b-48ff-af2a-771cb32e449f", "full_name": "Evan Moore", "team_type": "production", "role_title": "Production Electrician"}, {"id": "78b0ad5f-e921-4f6b-b4f5-386fa1a5b24a", "full_name": "Grey Hertz", "team_type": "production", "role_title": "Dolly West"}, {"id": "dd4eca45-cfb3-4b15-8838-63835d98053a", "full_name": "Hassan Lee Laing", "team_type": "production", "role_title": "Jamie O'Brien"}, {"id": "60fd7cd0-3501-4cdb-8525-6284cc2a30d7", "full_name": "Jayden Wojcik", "team_type": "production", "role_title": "Assistant Stage Manager"}, {"id": "7665a591-8363-45cb-a238-ce372ddf96fc", "full_name": "Jeff Sullivan", "team_type": "production", "role_title": "Master Carpenter & Scene Shop Supervisor"}, {"id": "4a524191-7467-4486-b6f1-e5b7acb23675", "full_name": "Joe Grueiro", "team_type": "production", "role_title": "Alec Redding"}, {"id": "26fba0a8-d12d-4ed9-8569-4921f5372499", "full_name": "Joseph Duran", "team_type": "production", "role_title": "Lighting Operator; Lighting Technician"}, {"id": "4c220426-62bd-4b50-b9b3-662bd37d91fc", "full_name": "Krysta Dennis", "team_type": "production", "role_title": "Dialect Coach; Intimacy Coordinator"}, {"id": "921c0e12-e820-4772-aad7-50d77182abfc", "full_name": "Liam Healy", "team_type": "production", "role_title": "Sound Designer"}, {"id": "0d8f2b34-463c-4adc-af5d-b17e5f21f821", "full_name": "Makayla Cusack", "team_type": "production", "role_title": "Assistant Props Master"}, {"id": "3ea9331c-23f2-40b1-8a34-3f572f7bc5d4", "full_name": "Mike Lounello", "team_type": "production", "role_title": "Production Manager"}, {"id": "285151d1-62de-4e8f-85b6-eb51a6ffcac4", "full_name": "Nora Schuyler", "team_type": "production", "role_title": "Rima West"}, {"id": "69bea7ae-80c0-48bc-8ea5-7ae6e7cae614", "full_name": "Orin James", "team_type": "production", "role_title": "Sound Operator; Sound Programmer"}, {"id": "f65fc78b-aebb-4766-8a9b-0ad1821fdf02", "full_name": "Owen Kenny", "team_type": "production", "role_title": "Producer"}, {"id": "528feb50-9c24-4fce-82a7-9f633bae9682", "full_name": "Patrick Liszewski", "team_type": "production", "role_title": "Ned Horgan"}, {"id": "75106f9c-7cb8-45f3-8c58-fa7f795ab0b4", "full_name": "Paul Hudson", "team_type": "production", "role_title": "Lighting Designer"}, {"id": "5118e7fc-59b1-4074-aba8-c65ca6bd863c", "full_name": "Raelynn Peliel", "team_type": "production", "role_title": "Carpenter"}, {"id": "8f75775f-f310-4c55-99b9-99a706f6c4c7", "full_name": "Sam Castle", "team_type": "production", "role_title": "Wardrobe"}, {"id": "4811eaec-2cc5-4eb1-8c5d-d3351e93977d", "full_name": "Sam Rubinstein", "team_type": "production", "role_title": "Stage Manager"}, {"id": "36201c25-0d3b-4033-a91f-9716c2c938c5", "full_name": "Selyna Kalinowski", "team_type": "production", "role_title": "Esther Horgan"}, {"id": "1f172ea7-b1a4-431c-9b3d-2dd18891e4ee", "full_name": "Tommy Rooney", "team_type": "production", "role_title": "Justin West"}]}	fb137e07-9006-47a3-9492-f4c155c31313	bulk import	2026-02-23 17:42:05.921154+00
582a74fa-1510-40cd-84d0-b6e771dd46e8	people	490e320b-cd1a-4541-a8a7-7920f68eaf91	team_type	"production"	"cast"	fb137e07-9006-47a3-9492-f4c155c31313	bulk_selected_edit	2026-02-23 17:58:33.576875+00
37fd7f51-9278-4220-89ab-999fe15c3f76	people	81fa2d1e-e30d-496c-820f-41f25af68022	team_type	"production"	"cast"	fb137e07-9006-47a3-9492-f4c155c31313	bulk_selected_edit	2026-02-23 17:58:34.275579+00
e5c13dd2-c7bd-4785-b47f-e019d4b65a21	people	78b0ad5f-e921-4f6b-b4f5-386fa1a5b24a	team_type	"production"	"cast"	fb137e07-9006-47a3-9492-f4c155c31313	bulk_selected_edit	2026-02-23 17:58:34.979893+00
70fb9733-cd71-4e3c-b86f-fa7a7aefbdf6	people	dd4eca45-cfb3-4b15-8838-63835d98053a	team_type	"production"	"cast"	fb137e07-9006-47a3-9492-f4c155c31313	bulk_selected_edit	2026-02-23 17:58:35.700611+00
a5088de9-0942-4b6f-b2e8-f40e627d5a02	people	4a524191-7467-4486-b6f1-e5b7acb23675	team_type	"production"	"cast"	fb137e07-9006-47a3-9492-f4c155c31313	bulk_selected_edit	2026-02-23 17:58:36.435999+00
d8bef74b-69a6-49a5-a706-7554d23976d2	people	285151d1-62de-4e8f-85b6-eb51a6ffcac4	team_type	"production"	"cast"	fb137e07-9006-47a3-9492-f4c155c31313	bulk_selected_edit	2026-02-23 17:58:37.181182+00
d2843fd5-77c9-49d5-b98d-c533ce2fd74d	people	528feb50-9c24-4fce-82a7-9f633bae9682	team_type	"production"	"cast"	fb137e07-9006-47a3-9492-f4c155c31313	bulk_selected_edit	2026-02-23 17:58:37.918094+00
d3b5bdfa-e3ec-4b6f-a986-e25c7349b7e8	people	36201c25-0d3b-4033-a91f-9716c2c938c5	team_type	"production"	"cast"	fb137e07-9006-47a3-9492-f4c155c31313	bulk_selected_edit	2026-02-23 17:58:38.643786+00
b42d6e91-2a5e-4f3d-a20e-b3364fd7a66f	people	1f172ea7-b1a4-431c-9b3d-2dd18891e4ee	team_type	"production"	"cast"	fb137e07-9006-47a3-9492-f4c155c31313	bulk_selected_edit	2026-02-23 17:58:39.328981+00
984d67a1-619d-46d0-83b3-cf6eb862f2ee	show	36bc3fcb-e24b-43f3-9be3-b1896ea0444d	people_add	\N	{"added": [{"id": "05767b1c-6501-4084-a924-aa491e0fe098", "full_name": "Adriana Fatato", "team_type": "production", "role_title": "Assistant Scenic Painter"}, {"id": "15ffb09e-ee8c-435b-85c7-58990021900a", "full_name": "Allison Boyle", "team_type": "production", "role_title": "Dramaturg"}, {"id": "6c854ec0-3ca0-4b9b-bcf7-bc76dae9bb16", "full_name": "Angie Brandt", "team_type": "production", "role_title": "Wardrobe"}, {"id": "a99001d1-9e42-4986-83a7-d5bef430221f", "full_name": "Annabelle Clemens", "team_type": "production", "role_title": "Claire Ganz"}, {"id": "0d7aeb5a-c402-4b7e-9a7e-32875f5945ed", "full_name": "Brian Bernhard", "team_type": "production", "role_title": "Scenic Designer"}, {"id": "38b69659-8000-406b-b9e0-508f29ce9e50", "full_name": "Brianne Borter", "team_type": "production", "role_title": "Assistant Production Electrician"}, {"id": "99988fad-b308-4213-b1cd-ee2117962c74", "full_name": "Connor Rock", "team_type": "production", "role_title": "Scenic Painter"}, {"id": "7d6d5a7d-d844-4e03-95ba-bd11df76d35f", "full_name": "Cora Schultz", "team_type": "production", "role_title": "Wardrobe"}, {"id": "1619911f-cc9a-4437-9a78-e01582043a01", "full_name": "Daniel Montilla", "team_type": "production", "role_title": "Assistant Director"}, {"id": "5b1c8bb9-c12b-4327-ad6b-4b5e5eff7aa4", "full_name": "Danielle Patton", "team_type": "production", "role_title": "Costume Designer; Costume Shop Manager"}, {"id": "6bf9ded3-b625-42cb-9fc8-5ce37757a69e", "full_name": "Elizabeth Holden", "team_type": "production", "role_title": "Assistant Stage Manager"}, {"id": "bc9aba26-9af1-4309-b1a2-baef8c452c51", "full_name": "Emma Washburn", "team_type": "production", "role_title": "Officer Pudney"}, {"id": "af55d165-787c-4325-ab18-31f46fe6f824", "full_name": "Evan Moore", "team_type": "production", "role_title": "Production Electrician"}, {"id": "ca9013d2-d064-4cfa-856b-830b0b2bef74", "full_name": "Grey Hertz", "team_type": "production", "role_title": "Chris Gorman"}, {"id": "3cc608cd-f4f7-4f71-8fb6-a6a7f00a3417", "full_name": "Hassan Lee Laing", "team_type": "production", "role_title": "Ernie Cusack"}, {"id": "2e70a63e-d58c-4736-9883-b7d7e55609f9", "full_name": "Henry Steinmetz", "team_type": "production", "role_title": "Stage Manager"}, {"id": "f78a0760-0238-42e2-9216-2200f496f6ae", "full_name": "James Kelly", "team_type": "production", "role_title": "Ken Gorman"}, {"id": "b2b58bc4-c572-4f10-a67d-c48081df6af4", "full_name": "Jay Candela", "team_type": "production", "role_title": "Assistant Stage Manager"}, {"id": "369ded7e-901a-4744-bfc0-8f8bab0b5f21", "full_name": "Jayden Wojcik", "team_type": "production", "role_title": "Cookie Cusack"}, {"id": "77614b5c-e9fd-4f94-aafa-b6a97abf6ea9", "full_name": "Jeff Sullivan", "team_type": "production", "role_title": "Master Carpenter & Scene Shop Supervisor"}, {"id": "566a5db8-0292-4820-8cfd-62f6c742b151", "full_name": "Joseph Duran", "team_type": "production", "role_title": "Officer Welch"}, {"id": "d80fa5a3-afa5-4085-a188-4258f1e01b71", "full_name": "Liam Healy", "team_type": "production", "role_title": "Sound Operator"}, {"id": "55ab1f30-2eb2-4198-b01b-38a580bed2bf", "full_name": "Lilia Livolsi", "team_type": "production", "role_title": "Assistant Producer"}, {"id": "014eaabd-46a7-45c2-a86b-94eee1e8db47", "full_name": "Mike Lounello", "team_type": "production", "role_title": "Production Manager"}, {"id": "c1a3d97d-e44e-4c45-9f8b-6c57800bd140", "full_name": "Nicole Silvester", "team_type": "production", "role_title": "Carpenter"}, {"id": "c2dd42b1-46b7-4394-a27e-1d442642caf9", "full_name": "Nora Schuyler", "team_type": "production", "role_title": "Dramaturg; Lightboard Operator"}, {"id": "23657b58-9e88-4311-bde9-bdf7ef9d25a1", "full_name": "Orin James", "team_type": "production", "role_title": "Sound Designer"}, {"id": "cd9aa423-21d8-40db-8fb1-51221d7605ac", "full_name": "Patrick Liszewski", "team_type": "production", "role_title": "Lenny Ganz"}, {"id": "b611d522-15e6-4ebb-aa78-dc954d8b0ac7", "full_name": "Sam Castle", "team_type": "production", "role_title": "Props Designer; Props Master"}, {"id": "6a5c6243-efca-436a-96e3-1c5af89a37d5", "full_name": "Sam Rubinstein", "team_type": "production", "role_title": "Cassie Cooper"}, {"id": "00302bef-d61b-4a82-8a63-5b02ee18e9bc", "full_name": "Sam Weiser", "team_type": "production", "role_title": "Lighting Designer"}, {"id": "c3186636-8f58-4df0-bf24-ae0edced8345", "full_name": "Selyna Kalinowski", "team_type": "production", "role_title": "Assistant Stage Manager"}, {"id": "38df7599-eac0-4611-aa2b-1902e7dfc93b", "full_name": "Tom Truss", "team_type": "production", "role_title": "Director"}, {"id": "f4b5b5b9-07bb-46c5-993c-7507e9dc2276", "full_name": "Tommy Rooney", "team_type": "production", "role_title": "Glenn Cooper"}]}	fb137e07-9006-47a3-9492-f4c155c31313	manual add	2026-02-23 18:55:46.088028+00
df2c8c74-8994-43ab-9858-6d6c40c040e0	people	a99001d1-9e42-4986-83a7-d5bef430221f	team_type	"production"	"cast"	fb137e07-9006-47a3-9492-f4c155c31313	bulk_selected_edit	2026-02-23 18:56:16.624662+00
4d7805ff-7d07-4874-a307-904d19a6d9fc	people	bc9aba26-9af1-4309-b1a2-baef8c452c51	team_type	"production"	"cast"	fb137e07-9006-47a3-9492-f4c155c31313	bulk_selected_edit	2026-02-23 18:56:17.578756+00
85dc0a90-dc52-4001-a31b-f15c20e9178e	people	ca9013d2-d064-4cfa-856b-830b0b2bef74	team_type	"production"	"cast"	fb137e07-9006-47a3-9492-f4c155c31313	bulk_selected_edit	2026-02-23 18:56:18.217279+00
7c41224e-564c-4979-87a8-ef37c72bbff0	people	3cc608cd-f4f7-4f71-8fb6-a6a7f00a3417	team_type	"production"	"cast"	fb137e07-9006-47a3-9492-f4c155c31313	bulk_selected_edit	2026-02-23 18:56:18.96961+00
30009a63-7e32-4da5-85d0-14eca355d701	people	f78a0760-0238-42e2-9216-2200f496f6ae	team_type	"production"	"cast"	fb137e07-9006-47a3-9492-f4c155c31313	bulk_selected_edit	2026-02-23 18:56:19.621949+00
3369c95a-5333-4a89-b333-e287f0f02451	people	369ded7e-901a-4744-bfc0-8f8bab0b5f21	team_type	"production"	"cast"	fb137e07-9006-47a3-9492-f4c155c31313	bulk_selected_edit	2026-02-23 18:56:20.304036+00
ae8d9f43-e80e-4f60-b0cb-1ea02e4d8f67	people	cd9aa423-21d8-40db-8fb1-51221d7605ac	team_type	"production"	"cast"	fb137e07-9006-47a3-9492-f4c155c31313	bulk_selected_edit	2026-02-23 18:56:21.045145+00
a5024fe1-c365-45d5-8bc1-cdcf198bdb9e	people	6a5c6243-efca-436a-96e3-1c5af89a37d5	team_type	"production"	"cast"	fb137e07-9006-47a3-9492-f4c155c31313	bulk_selected_edit	2026-02-23 18:56:21.764005+00
96781dab-131e-4cb6-a215-915717c9492a	people	f4b5b5b9-07bb-46c5-993c-7507e9dc2276	team_type	"production"	"cast"	fb137e07-9006-47a3-9492-f4c155c31313	bulk_selected_edit	2026-02-23 18:56:22.429386+00
811dd8d1-40a5-4bee-ad7e-d51cc8014c26	people	38df7599-eac0-4611-aa2b-1902e7dfc93b	bio	""	"For 30+ years Tom Truss has been a performer, creator, and educator. His work has appeared from the Kennedy Center to the Wellington Fringe Festival. He has an MFA in Acting and another in Dance. He is certified in the Alexander Technique and Internal Family Systems, and is currently touring 3 shows: Tell Me What You Learned Tuesday, Tipsy MacBoozle, and ReWritten."	fb137e07-9006-47a3-9492-f4c155c31313	bio_csv_import	2026-02-23 19:12:22.795779+00
cd323151-d833-4150-803d-986d904cc52b	people	38df7599-eac0-4611-aa2b-1902e7dfc93b	submission_status	"pending"	"submitted"	fb137e07-9006-47a3-9492-f4c155c31313	bio_csv_import	2026-02-23 19:12:23.235103+00
c6c9840c-dd3a-473e-a8f6-847bc3d4113a	people	05767b1c-6501-4084-a924-aa491e0fe098	bio	""	"Adriana Fatato (she/her) is a graduate social work student. She has been a part of many theater productions. Her most recent role was Priest in Twelfth Night. She’s exploring a role backstage this semester with the Carpentry team as an Assistant Scenic Painter. She’s grateful for the support she has received from everyone throughout her years with Siena’s theater program."	fb137e07-9006-47a3-9492-f4c155c31313	bio_csv_import	2026-02-23 19:12:23.78389+00
4f788c4a-bc56-4798-a7a7-06a13697048a	people	05767b1c-6501-4084-a924-aa491e0fe098	submission_status	"pending"	"submitted"	fb137e07-9006-47a3-9492-f4c155c31313	bio_csv_import	2026-02-23 19:12:24.259981+00
7c3afd39-fc4c-4d26-a041-613b337cc396	people	a99001d1-9e42-4986-83a7-d5bef430221f	bio	""	"Annabelle Clemens (Claire Ganz), a freshman from Albany, NY, is excited to be making her Siena University theatre debut! Some favorite past credits include Fiddler on the Roof (Rabbi), Little Shop of Horrors (Audrey), and The Wedding Singer (Ensemble). She wants to give special thanks to Dr. O’Neill for always believing in her."	fb137e07-9006-47a3-9492-f4c155c31313	bio_csv_import	2026-02-23 19:12:24.842753+00
05e1d99d-7068-4607-910b-f5cdb6be338d	people	a99001d1-9e42-4986-83a7-d5bef430221f	submission_status	"pending"	"submitted"	fb137e07-9006-47a3-9492-f4c155c31313	bio_csv_import	2026-02-23 19:12:25.494317+00
3b511dca-2548-413a-80c2-246989a6290e	people	55ab1f30-2eb2-4198-b01b-38a580bed2bf	bio	""	"Lilia Livolsi (Assistant Producer) is a junior Psychology and French major. She sings basically every day, including Sundays in the chapel as a cantor in Psalm 150. Her favorite show she worked on was Stage III's production of Clown Bar, which was her first time working as a producer! She also acted in several roles for Siena's 2024 Climate Justice plays. Enjoy the show!!"	fb137e07-9006-47a3-9492-f4c155c31313	bio_csv_import	2026-02-23 19:12:26.037286+00
825eda55-0a69-466e-a40b-05ecdfc410a6	people	55ab1f30-2eb2-4198-b01b-38a580bed2bf	submission_status	"pending"	"submitted"	fb137e07-9006-47a3-9492-f4c155c31313	bio_csv_import	2026-02-23 19:12:26.452899+00
185b4c6a-c377-4f63-999e-9d3f0d3997c6	people	99988fad-b308-4213-b1cd-ee2117962c74	bio	""	"Connor Rock (Scenic Painter) is an interdisciplinary artist and a Siena graduate. He gives endless thanks and gratitude to the Siena Creative Arts Department for propelling his journey as an artist and as a person, which has included getting his masters degree in England and writing for the Edinburgh Fringe Festival in Scotland."	fb137e07-9006-47a3-9492-f4c155c31313	bio_csv_import	2026-02-23 19:12:27.159212+00
e6e1e148-97c6-47a9-ba3f-341456cffcc0	people	99988fad-b308-4213-b1cd-ee2117962c74	submission_status	"pending"	"submitted"	fb137e07-9006-47a3-9492-f4c155c31313	bio_csv_import	2026-02-23 19:12:27.685701+00
938fe831-f674-4898-ace7-f75201fb6a36	people	ca9013d2-d064-4cfa-856b-830b0b2bef74	bio	""	"Grey Hertz is a Sophomore Theatre Performance Major from Bethlehem, NY! They have been in three other shows at Siena so far: Guys and Dolls (Sarah Brown), Clown Bar (Petunia), and Twelfth Night (Valentine). They want to thank everyone involved in the show and also thank their loved ones for the support! They are so excited to share this super funny show with you. Enjoy!"	fb137e07-9006-47a3-9492-f4c155c31313	bio_csv_import	2026-02-23 19:12:28.28095+00
bc298f98-a8eb-46ed-b513-9dfa4b448f61	people	ca9013d2-d064-4cfa-856b-830b0b2bef74	submission_status	"pending"	"submitted"	fb137e07-9006-47a3-9492-f4c155c31313	bio_csv_import	2026-02-23 19:12:28.684211+00
c98ef89b-21f2-4d09-8706-5aa1064f1136	people	5b1c8bb9-c12b-4327-ad6b-4b5e5eff7aa4	bio	""	"Danielle Patton is a Costume Designer in the Albany area and has been working in costumes for over 20 years. She studied fashion design at FIT in New York, NY.  She has worked with MadeXHudson, Khymanyo Studio, The Workroom NYC, Walt Disney World, The Egg and others.  Her work has been featured locally at Electric City Couture, Albany Barn and Park Playhouse."	fb137e07-9006-47a3-9492-f4c155c31313	bio_csv_import	2026-02-23 19:12:29.207513+00
f160e50a-10e7-4f6d-b550-a994283571ba	people	5b1c8bb9-c12b-4327-ad6b-4b5e5eff7aa4	submission_status	"pending"	"submitted"	fb137e07-9006-47a3-9492-f4c155c31313	bio_csv_import	2026-02-23 19:12:29.665273+00
03aa6f96-f257-42d1-9e30-d0dda2842d41	people	77614b5c-e9fd-4f94-aafa-b6a97abf6ea9	bio	""	"(No Bio only Credit)"	fb137e07-9006-47a3-9492-f4c155c31313	bio_csv_import	2026-02-23 19:12:30.29828+00
22212e24-349a-4002-b8d3-71b58dfc0b0f	people	77614b5c-e9fd-4f94-aafa-b6a97abf6ea9	submission_status	"pending"	"submitted"	fb137e07-9006-47a3-9492-f4c155c31313	bio_csv_import	2026-02-23 19:12:30.770522+00
136400b0-930e-4d94-a0b6-b62c8315cbb8	people	cd9aa423-21d8-40db-8fb1-51221d7605ac	bio	""	"Patrick has been involved with Siena's theater since he stepped foot on campus, wherever there is theater, Patrick can be found. He is a computer science education major and a junior. On top of this, Patrick is also the secretary for Siena's wonderful Stage III! He would like to thank his family, friends, and girlfriend for their constant support throughout his journey."	fb137e07-9006-47a3-9492-f4c155c31313	bio_csv_import	2026-02-23 19:12:31.383427+00
283c584b-7b77-4bdf-b179-ab8ab323c3e4	people	0d7aeb5a-c402-4b7e-9a7e-32875f5945ed	submission_status	"pending"	"submitted"	fb137e07-9006-47a3-9492-f4c155c31313	bio_csv_import	2026-02-23 19:12:33.928695+00
7d9ed362-f7c8-4877-94d2-378cce2f88b7	people	c3186636-8f58-4df0-bf24-ae0edced8345	bio	""	"Selyna is a Visual Arts & Design major who estatic to be involved with the Siena Theater Department. Involved with stage management once again, after being an ASM/A2 for Guys and Dolls & Actor Stage Manager for Twelfth Night. She is excited for this semester's show and for our future shows."	fb137e07-9006-47a3-9492-f4c155c31313	bio_csv_import	2026-02-23 19:12:37.553856+00
89bfdcc9-ecd7-4ef7-8e3e-8e30bbf4ace7	people	369ded7e-901a-4744-bfc0-8f8bab0b5f21	submission_status	"pending"	"submitted"	fb137e07-9006-47a3-9492-f4c155c31313	bio_csv_import	2026-02-23 19:12:40.032575+00
e6e17da0-22df-4ed0-b27c-5f50b655e6c1	people	c2dd42b1-46b7-4394-a27e-1d442642caf9	bio	""	"Nora has been in numerous productions before through her high school, but Rumors is her first college production and also her first as a dramaturg! She can often be found in a dark corner of Foy 107, frantically researching 1987 and bothering her favorite ASM, Jay. She would like to thank all of her friends for being the absolute best, and she hopes you all enjoy Rumors!"	fb137e07-9006-47a3-9492-f4c155c31313	bio_csv_import	2026-02-23 19:12:43.607551+00
492d5abc-b32e-4dec-a20c-5a55018960e0	people	d80fa5a3-afa5-4085-a188-4258f1e01b71	submission_status	"pending"	"submitted"	fb137e07-9006-47a3-9492-f4c155c31313	bio_csv_import	2026-02-23 19:12:46.096544+00
08efa2a8-2289-491d-9994-32b437d1324f	people	6c854ec0-3ca0-4b9b-bcf7-bc76dae9bb16	bio	""	"Angie Brandt, a social work major at Siena University, is thrilled to join “Rumors.” From Ravena, NY, she’s been passionate about theatre for 11 years. Favorite roles include Spot Collin (Newsies) and Olivia's Assistant(Twelfth Night). She’s also worked wardrobe for A Maze and Guys and Dolls. Thanks to her friends and family!"	fb137e07-9006-47a3-9492-f4c155c31313	bio_csv_import	2026-02-23 19:12:49.697243+00
ea9fde66-3418-4854-9576-127e6723dd0a	people	566a5db8-0292-4820-8cfd-62f6c742b151	submission_status	"pending"	"submitted"	fb137e07-9006-47a3-9492-f4c155c31313	bio_csv_import	2026-02-23 19:12:52.179912+00
6278f339-8c81-4fa0-bb0e-ea8848517ed7	people	cd9aa423-21d8-40db-8fb1-51221d7605ac	submission_status	"pending"	"submitted"	fb137e07-9006-47a3-9492-f4c155c31313	bio_csv_import	2026-02-23 19:12:31.830421+00
809e6528-e23f-4756-b909-2ab556779568	people	bc9aba26-9af1-4309-b1a2-baef8c452c51	bio	""	"Emma Is excited to be a part of this production, and can't wait to finally perform at Siena again. She has been in many plays before, including last semester's production of Twelfth Night. Rumors will be her second performance at Siena, and is looking forward to seeing all the hard work pay off!"	fb137e07-9006-47a3-9492-f4c155c31313	bio_csv_import	2026-02-23 19:12:35.534645+00
67f52654-ac02-4b90-a384-a9588c918357	people	c3186636-8f58-4df0-bf24-ae0edced8345	submission_status	"pending"	"submitted"	fb137e07-9006-47a3-9492-f4c155c31313	bio_csv_import	2026-02-23 19:12:37.985047+00
fd457622-1296-42b3-893b-157a93b1719f	people	f78a0760-0238-42e2-9216-2200f496f6ae	bio	""	"James Kelly (Ken) feels bittersweet about performing in his final show at Siena University. Over these four years he’s been a part of Doctor Faustus, Guys and Dolls, and Antigone, alongside directing last year’s student run production of Clown Bar. He would like to thank the cast and crew for this amazing opportunity to say goodbye and he hopes you enjoy the show!"	fb137e07-9006-47a3-9492-f4c155c31313	bio_csv_import	2026-02-23 19:12:41.569728+00
ba14cf12-2fc1-46cd-a9c3-a048ef715647	people	c2dd42b1-46b7-4394-a27e-1d442642caf9	submission_status	"pending"	"submitted"	fb137e07-9006-47a3-9492-f4c155c31313	bio_csv_import	2026-02-23 19:12:44.072562+00
35f6663e-5776-4a6e-b5ea-f9f385af4215	people	15ffb09e-ee8c-435b-85c7-58990021900a	bio	""	"Allison is a second year student at Siena studying chemistry. She has previously worked for Siena's production of Guys and Dolls and Stage III's Clown Bar. This is their first time in the world of dramaturgy, and she's so excited to see how the play comes together in the end! Enjoy the show!"	fb137e07-9006-47a3-9492-f4c155c31313	bio_csv_import	2026-02-23 19:12:47.736546+00
6f78f0a1-bc0a-42e9-9956-00f3575ad507	people	6c854ec0-3ca0-4b9b-bcf7-bc76dae9bb16	submission_status	"pending"	"submitted"	fb137e07-9006-47a3-9492-f4c155c31313	bio_csv_import	2026-02-23 19:12:50.117602+00
c8b819eb-9094-42a9-88a3-abc1168470db	people	7d6d5a7d-d844-4e03-95ba-bd11df76d35f	bio	""	"Cora is a Siena sophomore. This is her first main stage production, but has a long history with both performance and makeup. Cora is excited to help with this production, and looks forward to many more in the future!"	fb137e07-9006-47a3-9492-f4c155c31313	bio_csv_import	2026-02-23 19:12:53.903062+00
854db588-5dbd-4880-a507-27bbd8738e1a	people	f4b5b5b9-07bb-46c5-993c-7507e9dc2276	bio	""	"Tommy Rooney is very excited to take part in Siena University theatre this year. He is a Senior Creative Arts major who has recently found a passion for acting. He appeared once before in Stage III's production, Clown Bar. However, Rumors will serve as his first appearance in a mainstage production! He is loving working alongside his friends and can't wait for the show!"	fb137e07-9006-47a3-9492-f4c155c31313	bio_csv_import	2026-02-23 19:12:32.435273+00
7dc9d20d-6f67-42cb-9889-34d4aa125b63	people	b2b58bc4-c572-4f10-a67d-c48081df6af4	submission_status	"pending"	"submitted"	fb137e07-9006-47a3-9492-f4c155c31313	bio_csv_import	2026-02-23 19:12:34.959674+00
ae8da0ab-8233-419e-aed6-76c8d9172e6a	people	6a5c6243-efca-436a-96e3-1c5af89a37d5	bio	""	"Sam Rubinstein (Cassie Cooper) is thrilled to be doing another show at Siena! This is her first time acting in a main stage production, having previously done stage management and props. She is also involved with Stage III, and was Bobo in Clown Bar this past spring. She hopes you enjoy the show!"	fb137e07-9006-47a3-9492-f4c155c31313	bio_csv_import	2026-02-23 19:12:38.540685+00
738a67fd-73f6-44d0-a781-c209088b1def	people	3cc608cd-f4f7-4f71-8fb6-a6a7f00a3417	submission_status	"pending"	"submitted"	fb137e07-9006-47a3-9492-f4c155c31313	bio_csv_import	2026-02-23 19:12:41.022991+00
a76b1bb1-6062-43ef-8799-7bf3c9c33cd1	people	b611d522-15e6-4ebb-aa78-dc954d8b0ac7	bio	""	"I am a senior Creative Arts major with an Environmental Studies minor. I have really enjoyed my time working on the play this semester. Working on props has been a fun and challenging task and I’m so glad I got to be a part of this production."	fb137e07-9006-47a3-9492-f4c155c31313	bio_csv_import	2026-02-23 19:12:44.594369+00
da36b6f3-dfdc-4601-85dc-f6ed58f0f86c	people	23657b58-9e88-4311-bde9-bdf7ef9d25a1	submission_status	"pending"	"submitted"	fb137e07-9006-47a3-9492-f4c155c31313	bio_csv_import	2026-02-23 19:12:47.167097+00
b7639ae6-2754-4326-bafb-621ecd8e4c71	people	c1a3d97d-e44e-4c45-9f8b-6c57800bd140	bio	""	"Hi! I'm a senior at Siena who is majoring in Tech Theater. This is the second play I've been involved in during my studies, and I am incredibly excited to have worked on this production. They say you learn something new every day, and I try to live by that. I hope you enjoy watching the performance as much as I enjoyed working on it!"	fb137e07-9006-47a3-9492-f4c155c31313	bio_csv_import	2026-02-23 19:12:50.706581+00
d744d677-a035-4521-ad25-74c4021cf750	people	00302bef-d61b-4a82-8a63-5b02ee18e9bc	submission_status	"pending"	"submitted"	fb137e07-9006-47a3-9492-f4c155c31313	bio_csv_import	2026-02-23 19:12:53.291991+00
f75f2795-db06-46f9-86d8-2d6cdc723ba1	people	f4b5b5b9-07bb-46c5-993c-7507e9dc2276	submission_status	"pending"	"submitted"	fb137e07-9006-47a3-9492-f4c155c31313	bio_csv_import	2026-02-23 19:12:32.923168+00
ee9a7685-a362-4bf0-83a4-2922936345e2	people	2e70a63e-d58c-4736-9883-b7d7e55609f9	bio	""	"Henry Ray Steinmetz (Stage Manager) is excited to get back into theatre at Siena! After taking one year off, he's had a great time rejoining the community this fall. As president of Stage III, Henry is thoroughly involved in both mainstage and club theater. He is proud of the cast and crew of this show for all of their hard work this semester! Break a leg!"	fb137e07-9006-47a3-9492-f4c155c31313	bio_csv_import	2026-02-23 19:12:36.567268+00
f2d9d2e5-bb75-4e18-8d34-70e55f619450	people	6a5c6243-efca-436a-96e3-1c5af89a37d5	submission_status	"pending"	"submitted"	fb137e07-9006-47a3-9492-f4c155c31313	bio_csv_import	2026-02-23 19:12:39.020501+00
e0189140-ceb9-41a0-9580-3019520f3d42	people	6bf9ded3-b625-42cb-9fc8-5ce37757a69e	bio	""	"Elizabeth Holden (Assistant Stage Manager) is a senior Math Education and Psychology major from Long Island, New York. This is her fifth time working on a main stage show at Siena College and she is excited to be working with the cast and crew again. She is proud of everyone’s hard work and hopes you enjoy the show!"	fb137e07-9006-47a3-9492-f4c155c31313	bio_csv_import	2026-02-23 19:12:42.549313+00
f1fe9d80-cd56-44f8-a193-cfbc94209e74	people	b611d522-15e6-4ebb-aa78-dc954d8b0ac7	submission_status	"pending"	"submitted"	fb137e07-9006-47a3-9492-f4c155c31313	bio_csv_import	2026-02-23 19:12:45.048524+00
26c18a48-3890-43fa-b915-e555dda3d182	people	1619911f-cc9a-4437-9a78-e01582043a01	bio	""	"Daniel is a senior Computer Science major, and Rumors is his sixth and final mainstage at Siena. He's excited for you to see everyone's hard work on stage! He'd like to thank his Director, Tom, his family, and all the friends and peers he's gotten to work with over the course of his time at Siena."	fb137e07-9006-47a3-9492-f4c155c31313	bio_csv_import	2026-02-23 19:12:48.686406+00
789dfb21-8cf3-4160-bfd9-0cd69e4ba54b	people	c1a3d97d-e44e-4c45-9f8b-6c57800bd140	submission_status	"pending"	"submitted"	fb137e07-9006-47a3-9492-f4c155c31313	bio_csv_import	2026-02-23 19:12:51.145484+00
1b8b23fe-bfa4-4712-afe1-9529c49e9c46	people	0d7aeb5a-c402-4b7e-9a7e-32875f5945ed	bio	""	"Brian Bernhard is a New York based set designer. Selected Credits include Real Women Have Curves (Broadway, asst.), A Little Treat (East Village Basement), The Pillowman (Headwall Theatre Company), Becoming Eve (NYTW, asst.)"	fb137e07-9006-47a3-9492-f4c155c31313	bio_csv_import	2026-02-23 19:12:33.490128+00
fe2f7b8a-36e4-4b58-9427-f0e73d4cc9cd	people	bc9aba26-9af1-4309-b1a2-baef8c452c51	submission_status	"pending"	"submitted"	fb137e07-9006-47a3-9492-f4c155c31313	bio_csv_import	2026-02-23 19:12:35.990197+00
8f864080-2027-417e-8db8-79a054ffb54e	people	369ded7e-901a-4744-bfc0-8f8bab0b5f21	bio	""	"Jayden Wojcik is a junior majoring in Theatre Performance and Software Development from Glenmont, NY. Some recent shows he has been in are Siena's Twelfth Night, Siena’s Guys and Dolls, and Stage III's Clown Bar. This is also his first experience playing a female role! He would like to thank everyone involved in this hilarious production!"	fb137e07-9006-47a3-9492-f4c155c31313	bio_csv_import	2026-02-23 19:12:39.615089+00
857daff0-0ac1-4a12-9b61-64d5dab789b0	people	f78a0760-0238-42e2-9216-2200f496f6ae	submission_status	"pending"	"submitted"	fb137e07-9006-47a3-9492-f4c155c31313	bio_csv_import	2026-02-23 19:12:41.97614+00
d59c1e4b-814d-46c5-be63-f014e3fb356f	people	d80fa5a3-afa5-4085-a188-4258f1e01b71	bio	""	"This is Liam’s third show here at Siena, and his first time working behind the scenes during his time at Siena. He hopes that you all enjoy the show just as much if not more than as much fun as he had working on it and working with everyone involved!"	fb137e07-9006-47a3-9492-f4c155c31313	bio_csv_import	2026-02-23 19:12:45.656874+00
6991b7ae-6605-418c-be9b-32be6b7c5863	people	15ffb09e-ee8c-435b-85c7-58990021900a	submission_status	"pending"	"submitted"	fb137e07-9006-47a3-9492-f4c155c31313	bio_csv_import	2026-02-23 19:12:48.146395+00
c7e45bd1-0370-4fa5-b290-f1044e276441	people	566a5db8-0292-4820-8cfd-62f6c742b151	bio	""	"Based in Brooklyn, Joseph Duran is an actor/singer and this is his second main stage production  where he plays as Officer Welch in Rumors. He was previously Duke Orsino in Twelfth Night and is an active participant in the Siena College Choir. He is currently a senior and is excited to be part of this show and would like to say a huge thanks to his family and best friends."	fb137e07-9006-47a3-9492-f4c155c31313	bio_csv_import	2026-02-23 19:12:51.725297+00
63db360a-6566-4c09-91f1-e02bfa9e189c	people	7d6d5a7d-d844-4e03-95ba-bd11df76d35f	submission_status	"pending"	"submitted"	fb137e07-9006-47a3-9492-f4c155c31313	bio_csv_import	2026-02-23 19:12:54.374416+00
c6dcf383-acdd-45aa-9c59-7238bc24135a	people	b2b58bc4-c572-4f10-a67d-c48081df6af4	bio	""	"Though they have been in many shows, this is the first college production Jay has been a part of. When they're not feverishly working on scientific papers during rehearsal, Jay can be found doing their job by taking pictures of the cast and crew, creating sound effects for run throughs, or sprinting for stale bread to clean broken glass. She hopes you enjoy the show!"	fb137e07-9006-47a3-9492-f4c155c31313	bio_csv_import	2026-02-23 19:12:34.48905+00
f8ad8c9e-55e0-4581-bb87-cbbd1b933c05	people	2e70a63e-d58c-4736-9883-b7d7e55609f9	submission_status	"pending"	"submitted"	fb137e07-9006-47a3-9492-f4c155c31313	bio_csv_import	2026-02-23 19:12:36.982301+00
a95ddaa7-79ea-4594-80a3-1d54b270a668	people	3cc608cd-f4f7-4f71-8fb6-a6a7f00a3417	bio	""	"…is a third year Creative Arts and Theatre: Performance Track double major, with a Writing and Communications minor from Queens New York. He’s loved being part of the Siena theatre community, recently performing as Feste in Twelfth Night and currently serving as Stage III’s Vice President! He hopes you’ll split your ears from laughter!.. Not any other reason."	fb137e07-9006-47a3-9492-f4c155c31313	bio_csv_import	2026-02-23 19:12:40.602054+00
be8093c9-8b44-4469-a421-e3a6ba33a52c	people	6bf9ded3-b625-42cb-9fc8-5ce37757a69e	submission_status	"pending"	"submitted"	fb137e07-9006-47a3-9492-f4c155c31313	bio_csv_import	2026-02-23 19:12:43.041841+00
ea7f86e0-6fbf-4ed6-afcd-827bd8e19194	people	23657b58-9e88-4311-bde9-bdf7ef9d25a1	bio	""	"Orin is excited to be continuing his journey in Siena’s Creative Arts by taking a new step as the sound designer for rumors. This has been a huge opportunity for him, allowing him to learn more about the design process. Orin has previously worked as Assistant Sound Designer and Assistant Music Director for Siena shows. He hopes everyone enjoys the show!"	fb137e07-9006-47a3-9492-f4c155c31313	bio_csv_import	2026-02-23 19:12:46.725906+00
828b2fcb-e45a-496f-8e3c-7c8f1d171ce7	people	1619911f-cc9a-4437-9a78-e01582043a01	submission_status	"pending"	"submitted"	fb137e07-9006-47a3-9492-f4c155c31313	bio_csv_import	2026-02-23 19:12:49.106817+00
97bd3811-9c94-48f3-acca-206373db1ade	people	00302bef-d61b-4a82-8a63-5b02ee18e9bc	bio	""	"Samantha Weiser is a Brooklyn Based Lighting Designer and Associate. Previous design credits include: Sulfur Bottom (Theater Center, NYC), Twelfth Night (Siena College, NY), and Emilia (Long Island University, NY). More credits can be found at SamanthaWeiserLD.com"	fb137e07-9006-47a3-9492-f4c155c31313	bio_csv_import	2026-02-23 19:12:52.815709+00
e9c4ab32-0ceb-4c36-84f3-1568066e5dff	people	05767b1c-6501-4084-a924-aa491e0fe098	bio	"Adriana Fatato (she/her) is a graduate social work student. She has been a part of many theater productions. Her most recent role was Priest in Twelfth Night. She’s exploring a role backstage this semester with the Carpentry team as an Assistant Scenic Painter. She’s grateful for the support she has received from everyone throughout her years with Siena’s theater program."	"Adriana Fatato (she/her) is a graduate social work student. She has been a part of many theater productions. Her most recent role was Priest in <em>Twelfth Night</em>. She’s exploring a role backstage this semester with the Carpentry team as an Assistant Scenic Painter. She’s grateful for the support she has received from everyone throughout her years with Siena’s theater program."	fb137e07-9006-47a3-9492-f4c155c31313	admin review edit	2026-02-23 19:14:28.275439+00
a302a884-a62e-43e4-bff2-2252afd2c51e	people	05767b1c-6501-4084-a924-aa491e0fe098	submission_status	"submitted"	"approved"	fb137e07-9006-47a3-9492-f4c155c31313	admin review edit	2026-02-23 19:14:28.724006+00
a860aec0-dba5-418e-a7ac-a2608449350b	people	15ffb09e-ee8c-435b-85c7-58990021900a	submission_status	"submitted"	"approved"	fb137e07-9006-47a3-9492-f4c155c31313	admin quick status -> approved	2026-02-23 19:14:44.90102+00
36e61d1e-cd31-47db-9eca-c50bc1a995f4	people	77614b5c-e9fd-4f94-aafa-b6a97abf6ea9	submission_status	"approved"	"returned"	fb137e07-9006-47a3-9492-f4c155c31313	NO BIO	2026-02-23 19:19:33.669203+00
02e6bab8-0c47-42f4-9ebe-0ee4b9c84fba	people	77614b5c-e9fd-4f94-aafa-b6a97abf6ea9	return_message	\N	{"message": "NO BIO"}	fb137e07-9006-47a3-9492-f4c155c31313	NO BIO	2026-02-23 19:19:34.050328+00
0ea4adc6-bfe4-4a1a-96bb-e162d420c90e	people	014eaabd-46a7-45c2-a86b-94eee1e8db47	submission_status	"submitted"	"approved"	fb137e07-9006-47a3-9492-f4c155c31313	admin quick status -> approved	2026-02-23 23:24:46.292979+00
556e70d7-2758-40ae-8b2d-47a24811976f	people	38df7599-eac0-4611-aa2b-1902e7dfc93b	submission_type	"bio"	"director_note"	fb137e07-9006-47a3-9492-f4c155c31313	special_note_assignment	2026-02-24 01:52:34.562343+00
a8e993ea-a1ff-4b71-bf28-d632dfcb3373	people	c2dd42b1-46b7-4394-a27e-1d442642caf9	submission_type	"bio"	"dramaturgical_note"	fb137e07-9006-47a3-9492-f4c155c31313	special_note_assignment	2026-02-24 01:52:35.080327+00
9b81462c-0cec-4160-b396-9f739a5034e1	show	36bc3fcb-e24b-43f3-9be3-b1896ea0444d	special_note_assignments	\N	{"directorPersonId": "38df7599-eac0-4611-aa2b-1902e7dfc93b", "dramaturgPersonId": "c2dd42b1-46b7-4394-a27e-1d442642caf9", "musicDirectorPersonId": null}	fb137e07-9006-47a3-9492-f4c155c31313	Director: Tom Truss | Dramaturgical: Nora Schuyler | Music Director: Unassigned	2026-02-24 01:52:36.164806+00
57d246b5-de7b-4639-9989-86e4334f4f23	show	36bc3fcb-e24b-43f3-9be3-b1896ea0444d	special_note_assignments	\N	{"directorPersonId": "38df7599-eac0-4611-aa2b-1902e7dfc93b", "dramaturgPersonId": "c2dd42b1-46b7-4394-a27e-1d442642caf9", "musicDirectorPersonId": null}	fb137e07-9006-47a3-9492-f4c155c31313	Director: Tom Truss | Dramaturgical: Nora Schuyler | Music Director: Unassigned	2026-02-24 02:01:14.260094+00
8010c998-10a8-40b0-a002-d51878b00210	people	77614b5c-e9fd-4f94-aafa-b6a97abf6ea9	bio	"(No Bio only Credit)"	""	fb137e07-9006-47a3-9492-f4c155c31313	admin review edit	2026-02-24 02:49:29.190644+00
0e429013-7312-4b94-adef-06367d13bfbe	people	77614b5c-e9fd-4f94-aafa-b6a97abf6ea9	no_bio	false	true	fb137e07-9006-47a3-9492-f4c155c31313	admin review edit	2026-02-24 02:49:29.61986+00
9ba75633-281a-4172-a231-7230e5b4958e	people	15ffb09e-ee8c-435b-85c7-58990021900a	role_title	"Dramaturg"	"Assistant Dramaturg"	fb137e07-9006-47a3-9492-f4c155c31313	bulk_selected_edit	2026-02-24 03:09:31.425222+00
8a5a5f59-7134-4bbd-813e-c62432cf419b	people	014eaabd-46a7-45c2-a86b-94eee1e8db47	team_type	"production"	"creative"	fb137e07-9006-47a3-9492-f4c155c31313	bulk_selected_edit	2026-02-24 03:10:48.088403+00
d8ea20fe-2ba7-4364-a2aa-65eb1ed97335	people	0d7aeb5a-c402-4b7e-9a7e-32875f5945ed	team_type	"production"	"creative"	fb137e07-9006-47a3-9492-f4c155c31313	bulk_selected_edit	2026-02-24 03:10:48.7832+00
22badbfe-7e43-4eed-880d-f6d6e5cc9894	people	1619911f-cc9a-4437-9a78-e01582043a01	team_type	"production"	"creative"	fb137e07-9006-47a3-9492-f4c155c31313	bulk_selected_edit	2026-02-24 03:10:49.412495+00
62316711-2424-4890-9c30-3abe2dd81fc0	people	38df7599-eac0-4611-aa2b-1902e7dfc93b	team_type	"production"	"creative"	fb137e07-9006-47a3-9492-f4c155c31313	bulk_selected_edit	2026-02-24 03:10:50.050742+00
b1382b6d-30cb-443f-839a-b195c6603458	people	c2dd42b1-46b7-4394-a27e-1d442642caf9	team_type	"production"	"creative"	fb137e07-9006-47a3-9492-f4c155c31313	bulk_selected_edit	2026-02-24 03:10:50.693192+00
b887bd83-80ca-46d5-ad15-271e8f1fa2d8	people	23657b58-9e88-4311-bde9-bdf7ef9d25a1	team_type	"production"	"creative"	fb137e07-9006-47a3-9492-f4c155c31313	bulk_selected_edit	2026-02-24 03:10:51.326938+00
649bda06-7abe-4e19-9535-1f3c41551a26	people	55ab1f30-2eb2-4198-b01b-38a580bed2bf	team_type	"production"	"creative"	fb137e07-9006-47a3-9492-f4c155c31313	bulk_selected_edit	2026-02-24 03:10:51.908082+00
4d2dfefd-7f70-4957-a8e3-cf6d3a94d97c	people	5b1c8bb9-c12b-4327-ad6b-4b5e5eff7aa4	team_type	"production"	"creative"	fb137e07-9006-47a3-9492-f4c155c31313	bulk_selected_edit	2026-02-24 03:10:52.562165+00
5083d15f-2468-4fc4-a64e-874699ed6184	people	b611d522-15e6-4ebb-aa78-dc954d8b0ac7	team_type	"production"	"creative"	fb137e07-9006-47a3-9492-f4c155c31313	bulk_selected_edit	2026-02-24 03:10:53.204178+00
83900195-c2a9-49ff-90d2-28d0d7b2b49e	people	00302bef-d61b-4a82-8a63-5b02ee18e9bc	team_type	"production"	"creative"	fb137e07-9006-47a3-9492-f4c155c31313	bulk_selected_edit	2026-02-24 03:10:53.830669+00
8bb257f6-d562-461d-b5c8-cc69cd0a7030	people	15ffb09e-ee8c-435b-85c7-58990021900a	team_type	"production"	"creative"	fb137e07-9006-47a3-9492-f4c155c31313	bulk_selected_edit	2026-02-24 03:10:54.454995+00
fa2020bb-65db-4456-b267-cbc306858622	people	014eaabd-46a7-45c2-a86b-94eee1e8db47	team_type	"production"	"creative"	fb137e07-9006-47a3-9492-f4c155c31313	bulk_selected_edit	2026-02-24 03:10:56.779818+00
a3093d2b-c110-4762-a5ac-bf269d90e25d	people	0d7aeb5a-c402-4b7e-9a7e-32875f5945ed	team_type	"production"	"creative"	fb137e07-9006-47a3-9492-f4c155c31313	bulk_selected_edit	2026-02-24 03:10:57.430456+00
77249a89-1bfb-4361-b3d4-215340f40880	people	1619911f-cc9a-4437-9a78-e01582043a01	team_type	"production"	"creative"	fb137e07-9006-47a3-9492-f4c155c31313	bulk_selected_edit	2026-02-24 03:10:58.038526+00
2f0f7be3-e0c1-4f3d-9345-38b8d3dccbe0	people	38df7599-eac0-4611-aa2b-1902e7dfc93b	team_type	"production"	"creative"	fb137e07-9006-47a3-9492-f4c155c31313	bulk_selected_edit	2026-02-24 03:10:58.633046+00
e7ce5db1-5c88-4e69-bfca-3a08240ad1fe	people	c2dd42b1-46b7-4394-a27e-1d442642caf9	team_type	"production"	"creative"	fb137e07-9006-47a3-9492-f4c155c31313	bulk_selected_edit	2026-02-24 03:10:59.318819+00
856901e0-460e-4520-80fc-a7632929774d	people	23657b58-9e88-4311-bde9-bdf7ef9d25a1	team_type	"production"	"creative"	fb137e07-9006-47a3-9492-f4c155c31313	bulk_selected_edit	2026-02-24 03:10:59.971511+00
943c552e-1a95-493a-9045-239bf9eb34c0	people	55ab1f30-2eb2-4198-b01b-38a580bed2bf	team_type	"production"	"creative"	fb137e07-9006-47a3-9492-f4c155c31313	bulk_selected_edit	2026-02-24 03:11:00.636065+00
b598f192-668b-4a7a-b3b4-817857922356	people	5b1c8bb9-c12b-4327-ad6b-4b5e5eff7aa4	team_type	"production"	"creative"	fb137e07-9006-47a3-9492-f4c155c31313	bulk_selected_edit	2026-02-24 03:11:01.274821+00
66829da5-1b60-4b36-9365-53748007053d	people	b611d522-15e6-4ebb-aa78-dc954d8b0ac7	team_type	"production"	"creative"	fb137e07-9006-47a3-9492-f4c155c31313	bulk_selected_edit	2026-02-24 03:11:02.003809+00
0f4b9a22-d77c-49c5-a239-3f8daec262d1	people	15ffb09e-ee8c-435b-85c7-58990021900a	team_type	"production"	"creative"	fb137e07-9006-47a3-9492-f4c155c31313	bulk_selected_edit	2026-02-24 03:11:03.327554+00
2cbf504b-49f6-4bf9-a303-f4bbfd6373cc	people	00302bef-d61b-4a82-8a63-5b02ee18e9bc	team_type	"production"	"creative"	fb137e07-9006-47a3-9492-f4c155c31313	bulk_selected_edit	2026-02-24 03:11:02.67795+00
57e77ce5-4092-4ada-9cf4-e675286792fb	people	014eaabd-46a7-45c2-a86b-94eee1e8db47	team_type	"production"	"creative"	fb137e07-9006-47a3-9492-f4c155c31313	bulk_selected_edit	2026-02-24 03:11:43.96877+00
99bd0c14-6ba4-49b9-bf33-a8f6360a9708	people	1619911f-cc9a-4437-9a78-e01582043a01	team_type	"production"	"creative"	fb137e07-9006-47a3-9492-f4c155c31313	bulk_selected_edit	2026-02-24 03:11:44.694279+00
88392257-0379-4fa2-9e7b-9478e0e6cfdf	people	0d7aeb5a-c402-4b7e-9a7e-32875f5945ed	team_type	"production"	"creative"	fb137e07-9006-47a3-9492-f4c155c31313	bulk_selected_edit	2026-02-24 03:11:45.395366+00
c657c2b0-460c-40b8-a486-d5f74f73a927	people	c2dd42b1-46b7-4394-a27e-1d442642caf9	team_type	"production"	"creative"	fb137e07-9006-47a3-9492-f4c155c31313	bulk_selected_edit	2026-02-24 03:11:46.192753+00
f36e2c23-bea9-4f0f-a211-17b691eaa7dc	people	23657b58-9e88-4311-bde9-bdf7ef9d25a1	team_type	"production"	"creative"	fb137e07-9006-47a3-9492-f4c155c31313	bulk_selected_edit	2026-02-24 03:11:46.918621+00
da282fc8-be9b-4f70-b36c-a2bb51ac5616	people	55ab1f30-2eb2-4198-b01b-38a580bed2bf	team_type	"production"	"creative"	fb137e07-9006-47a3-9492-f4c155c31313	bulk_selected_edit	2026-02-24 03:11:47.646978+00
b1cd57ac-f568-473d-af94-77a844ea1b39	people	38df7599-eac0-4611-aa2b-1902e7dfc93b	team_type	"production"	"creative"	fb137e07-9006-47a3-9492-f4c155c31313	bulk_selected_edit	2026-02-24 03:11:48.322841+00
a9e6f5ae-97c1-4841-bcf7-bdafeeb8ebac	people	b611d522-15e6-4ebb-aa78-dc954d8b0ac7	team_type	"production"	"creative"	fb137e07-9006-47a3-9492-f4c155c31313	bulk_selected_edit	2026-02-24 03:11:49.111477+00
7b49e5a2-0bc3-4bd1-8e35-3ab5a6b1b918	people	00302bef-d61b-4a82-8a63-5b02ee18e9bc	team_type	"production"	"creative"	fb137e07-9006-47a3-9492-f4c155c31313	bulk_selected_edit	2026-02-24 03:11:49.884148+00
961f0275-74c2-4620-9c1d-905b61ac7cb8	people	15ffb09e-ee8c-435b-85c7-58990021900a	team_type	"production"	"creative"	fb137e07-9006-47a3-9492-f4c155c31313	bulk_selected_edit	2026-02-24 03:11:50.662665+00
3aada597-247e-444a-95f9-55d330dcabfe	people	38b69659-8000-406b-b9e0-508f29ce9e50	no_bio	false	true	fb137e07-9006-47a3-9492-f4c155c31313	admin review edit	2026-02-24 06:03:59.428766+00
51bbb4e7-a4bf-423e-980c-36185eb0a0db	people	af55d165-787c-4325-ab18-31f46fe6f824	no_bio	false	true	fb137e07-9006-47a3-9492-f4c155c31313	admin review edit	2026-02-24 06:04:22.932894+00
1d5da7ee-8e23-430c-a4aa-0adebb0d2813	show	36bc3fcb-e24b-43f3-9be3-b1896ea0444d	special_note_assignments	\N	{"directorPersonId": "38df7599-eac0-4611-aa2b-1902e7dfc93b", "dramaturgPersonId": "c2dd42b1-46b7-4394-a27e-1d442642caf9", "musicDirectorPersonId": null}	fb137e07-9006-47a3-9492-f4c155c31313	Director: Tom Truss | Dramaturgical: Nora Schuyler | Music Director: Unassigned	2026-02-24 07:02:26.244376+00
56d6bda5-0169-47f4-8474-9760924b2f15	people	c2dd42b1-46b7-4394-a27e-1d442642caf9	submission_type	"dramaturgical_note"	"bio"	fb137e07-9006-47a3-9492-f4c155c31313	single_person_edit	2026-02-24 07:02:52.525234+00
22474925-2ebe-44bf-9605-7b814e706ec8	people	38df7599-eac0-4611-aa2b-1902e7dfc93b	submission_type	"director_note"	"bio"	fb137e07-9006-47a3-9492-f4c155c31313	single_person_edit	2026-02-24 07:03:14.779599+00
07af112f-e04d-432f-97bb-65fb51970e74	show	36bc3fcb-e24b-43f3-9be3-b1896ea0444d	special_note_assignments	\N	{"directorPersonId": null, "dramaturgPersonId": null, "musicDirectorPersonId": null}	fb137e07-9006-47a3-9492-f4c155c31313	Director: Unassigned | Dramaturgical: Unassigned | Music Director: Unassigned	2026-02-24 07:03:36.608902+00
266dbfe0-9361-4c51-a39e-3adc48393230	show	36bc3fcb-e24b-43f3-9be3-b1896ea0444d	special_note_assignments	\N	{"directorPersonId": "38df7599-eac0-4611-aa2b-1902e7dfc93b", "dramaturgPersonId": "c2dd42b1-46b7-4394-a27e-1d442642caf9", "musicDirectorPersonId": null}	fb137e07-9006-47a3-9492-f4c155c31313	Director: Tom Truss | Dramaturgical: Nora Schuyler | Music Director: Unassigned	2026-02-24 07:03:51.642138+00
9255ed96-6297-4ba8-9276-61b942cf5652	show	36bc3fcb-e24b-43f3-9be3-b1896ea0444d	special_note_assignments	\N	{"directorPersonId": "38df7599-eac0-4611-aa2b-1902e7dfc93b", "dramaturgPersonId": "c2dd42b1-46b7-4394-a27e-1d442642caf9", "musicDirectorPersonId": null}	fb137e07-9006-47a3-9492-f4c155c31313	Director: Tom Truss | Dramaturgical: Nora Schuyler | Music Director: Unassigned	2026-02-24 07:04:29.316987+00
76678fe2-f42a-4cac-a4ba-85d3e5602173	programs	d5bb421a-adcd-4eb7-8ef8-b2bbc8ef5dfa	director_notes	""	"<p>Welcome to live theater. There’s nothing quite like art unfolding in front of you in real time where you can experience the sweat, the mistakes, the mishaps and miracles. And welcome, too, to 1987—a world where “mobile phones” were rare and weighed over two pounds, screens weren’t yet glued to our hands, and people actually gathered in living rooms to talk.&nbsp; Or, in this case a living room in Sneden’s Landing, a burb just outside of New York City, where wild misunderstandings are about to take place.</p><p><br></p><p><i>Rumors</i> is my third production here at Siena. My first two were Frankenstein—part of Siena’s campus-wide celebration honoring the 200th anniversary of Mary Shelley’s groundbreaking novel—and <i>Doctor Faustus</i> by Christopher Marlowe. After those two heavy hitters, I longed to direct a comedy. To have the opportunity to explore the rhythm, precision, and physicality that make a farce sing has been a delight. There’s a special kind of magic that happens when not just actors, but humans of all ages, throw themselves fully into the ridiculous and the sincere at the same time. Coming to rehearsals over the past two months and playing with these wonderfully talented students has been the joy of my day.</p><p><br></p><p>I could dig deep and claim that Rumors is apropos for our time—that this play reminds us how misinformation, assumptions, and preconceived notions can distort reality and tie us into knots. And sure, that’s in there somewhere. But honestly, why bother? What Rumors truly offers is lightening-speed, goofy fun—something I believe is always timely, and always needed.</p><p><br></p><p>So please, let these actors and words do their work. May tonight be as much of a diversion and tonic for you, as this process has been for us.</p><p><br></p><p>- Tom Truss, Director</p>"	fb137e07-9006-47a3-9492-f4c155c31313	Director's Note sync from contributor/admin submission	2026-02-24 07:20:51.190093+00
b7ad0b22-3b77-4389-8e7b-6ee004392a7d	programs	d5bb421a-adcd-4eb7-8ef8-b2bbc8ef5dfa	dramaturgical_note	""	"<p>Neil Simon’s <i>Rumors</i> tells a winding, farcical tale of a chaotic dinner party where four New York power couples must hastily cover up a possible scandal.<span>&nbsp;</span></p><p><br></p><p>Our story takes place in May of 1987, in Sneden’s Landing, New York<span>&nbsp; </span>(modern-day Palisades), an affluent town on the Hudson known for its beautiful scenery and its rich and famous inhabitants. The 80s were a time of neon colors, new-wave ideas, exciting technologies, and pop culture icons; however on the other end of the spectrum, there was the cold professionalism of Wall Street, the HIV/AIDS epidemic, the Cold War, and moral panics.</p><p><br></p><p>Neil Simon was a major figure on Broadway from the 1960s through the 1990s, where he wrote over 30 plays. His 23rd play, <i>Rumors</i>, made its Broadway debut at the Broadhurst Theatre on November 17, 1988, and ran until 1990. Directed by Gene Saks, the production featured Christine Baranski, Ken Howard, Ron Leibman, Joyce Van Patten and Jessica Walter.<span>&nbsp;</span></p><p><br></p><p>- Nora Schuyler, Dramaturg</p>"	fb137e07-9006-47a3-9492-f4c155c31313	Dramaturgical Note sync from contributor/admin submission	2026-02-24 07:24:39.399042+00
c2339a84-413a-40f8-883e-272cd836771f	people	38b69659-8000-406b-b9e0-508f29ce9e50	submission_status	"pending"	"approved"	fb137e07-9006-47a3-9492-f4c155c31313	admin bulk approve bios	2026-02-25 06:58:55.754998+00
8fc014a7-ff18-481f-aabe-93912d6b7a38	people	af55d165-787c-4325-ab18-31f46fe6f824	submission_status	"pending"	"approved"	fb137e07-9006-47a3-9492-f4c155c31313	admin bulk approve bios	2026-02-25 06:59:03.473987+00
ac60e27f-3986-44e2-a682-69f5eea0b19e	people	77614b5c-e9fd-4f94-aafa-b6a97abf6ea9	submission_status	"returned"	"approved"	fb137e07-9006-47a3-9492-f4c155c31313	admin bulk approve bios	2026-02-25 06:59:11.390285+00
12dee3ad-da12-4397-8012-a03669c67c57	programs	d5bb421a-adcd-4eb7-8ef8-b2bbc8ef5dfa	dramaturgical_note	"<p>Neil Simon’s <i>Rumors</i> tells a winding, farcical tale of a chaotic dinner party where four New York power couples must hastily cover up a possible scandal.<span>&nbsp;</span></p><p><br></p><p>Our story takes place in May of 1987, in Sneden’s Landing, New York<span>&nbsp; </span>(modern-day Palisades), an affluent town on the Hudson known for its beautiful scenery and its rich and famous inhabitants. The 80s were a time of neon colors, new-wave ideas, exciting technologies, and pop culture icons; however on the other end of the spectrum, there was the cold professionalism of Wall Street, the HIV/AIDS epidemic, the Cold War, and moral panics.</p><p><br></p><p>Neil Simon was a major figure on Broadway from the 1960s through the 1990s, where he wrote over 30 plays. His 23rd play, <i>Rumors</i>, made its Broadway debut at the Broadhurst Theatre on November 17, 1988, and ran until 1990. Directed by Gene Saks, the production featured Christine Baranski, Ken Howard, Ron Leibman, Joyce Van Patten and Jessica Walter.<span>&nbsp;</span></p><p><br></p><p>- Nora Schuyler, Dramaturg</p>"	"<p>Neil Simon’s <i>Rumors</i> tells a winding, farcical tale of a chaotic dinner party where four New York power couples must hastily cover up a possible scandal.<span>&nbsp;</span></p><p><br></p><p>Our story takes place in May of 1987, in Sneden’s Landing, New York<span>&nbsp; </span>(modern-day Palisades), an affluent town on the Hudson known for its beautiful scenery and its rich and famous inhabitants. The 80s were a time of neon colors, new-wave ideas, exciting technologies, and pop culture icons; however on the other end of the spectrum, there was the cold professionalism of Wall Street, the HIV/AIDS epidemic, the Cold War, and moral panics.</p><p><br></p><p>Neil Simon was a major figure on Broadway from the 1960s through the 1990s, where he wrote over 30 plays. His 23rd play, <i>Rumors</i>, made its Broadway debut at the Broadhurst Theatre on November 17, 1988, and ran until 1990. Directed by Gene Saks, the production featured Christine Baranski, Ken Howard, Ron Leibman, Joyce Van Patten and Jessica Walter.<span>&nbsp;</span></p><p><br></p><p>- Nora Schuyler, Dramaturg</p>"	fb137e07-9006-47a3-9492-f4c155c31313	Dramaturgical Note sync from contributor/admin submission	2026-02-25 07:00:05.568257+00
5868137c-a732-4ce7-a4c8-e44c5794d11e	programs	d5bb421a-adcd-4eb7-8ef8-b2bbc8ef5dfa	director_notes	"<p>Welcome to live theater. There’s nothing quite like art unfolding in front of you in real time where you can experience the sweat, the mistakes, the mishaps and miracles. And welcome, too, to 1987—a world where “mobile phones” were rare and weighed over two pounds, screens weren’t yet glued to our hands, and people actually gathered in living rooms to talk.&nbsp; Or, in this case a living room in Sneden’s Landing, a burb just outside of New York City, where wild misunderstandings are about to take place.</p><p><br></p><p><i>Rumors</i> is my third production here at Siena. My first two were Frankenstein—part of Siena’s campus-wide celebration honoring the 200th anniversary of Mary Shelley’s groundbreaking novel—and <i>Doctor Faustus</i> by Christopher Marlowe. After those two heavy hitters, I longed to direct a comedy. To have the opportunity to explore the rhythm, precision, and physicality that make a farce sing has been a delight. There’s a special kind of magic that happens when not just actors, but humans of all ages, throw themselves fully into the ridiculous and the sincere at the same time. Coming to rehearsals over the past two months and playing with these wonderfully talented students has been the joy of my day.</p><p><br></p><p>I could dig deep and claim that Rumors is apropos for our time—that this play reminds us how misinformation, assumptions, and preconceived notions can distort reality and tie us into knots. And sure, that’s in there somewhere. But honestly, why bother? What Rumors truly offers is lightening-speed, goofy fun—something I believe is always timely, and always needed.</p><p><br></p><p>So please, let these actors and words do their work. May tonight be as much of a diversion and tonic for you, as this process has been for us.</p><p><br></p><p>- Tom Truss, Director</p>"	"<p>Welcome to live theater. There’s nothing quite like art unfolding in front of you in real time where you can experience the sweat, the mistakes, the mishaps and miracles. And welcome, too, to 1987—a world where “mobile phones” were rare and weighed over two pounds, screens weren’t yet glued to our hands, and people actually gathered in living rooms to talk.&nbsp; Or, in this case a living room in Sneden’s Landing, a burb just outside of New York City, where wild misunderstandings are about to take place.</p><p><br></p><p><i>Rumors</i> is my third production here at Siena. My first two were Frankenstein—part of Siena’s campus-wide celebration honoring the 200th anniversary of Mary Shelley’s groundbreaking novel—and <i>Doctor Faustus</i> by Christopher Marlowe. After those two heavy hitters, I longed to direct a comedy. To have the opportunity to explore the rhythm, precision, and physicality that make a farce sing has been a delight. There’s a special kind of magic that happens when not just actors, but humans of all ages, throw themselves fully into the ridiculous and the sincere at the same time. Coming to rehearsals over the past two months and playing with these wonderfully talented students has been the joy of my day.</p><p><br></p><p>I could dig deep and claim that Rumors is apropos for our time—that this play reminds us how misinformation, assumptions, and preconceived notions can distort reality and tie us into knots. And sure, that’s in there somewhere. But honestly, why bother? What Rumors truly offers is lightening-speed, goofy fun—something I believe is always timely, and always needed.</p><p><br></p><p>So please, let these actors and words do their work. May tonight be as much of a diversion and tonic for you, as this process has been for us.</p><p><br></p><p>- Tom Truss, Director</p>"	fb137e07-9006-47a3-9492-f4c155c31313	Director's Note sync from contributor/admin submission	2026-02-25 07:00:42.886562+00
\.


--
-- Data for Name: backup_role_templates_20260224; Type: TABLE DATA; Schema: public; Owner: -
--

COPY public.backup_role_templates_20260224 (id, created_at, updated_at, name, category, scope, show_id, is_hidden) FROM stdin;
95b47e98-7a19-4cd2-81ca-c61e40c0caee	2026-02-24 04:24:23.044892+00	2026-02-24 04:24:22.975+00	Alec Redding	cast	show_only	39b5e382-87d5-4112-baaa-0696d687d634	f
ae45084b-32f4-4ec0-9323-af167028e741	2026-02-24 04:24:23.30746+00	2026-02-24 04:24:23.25+00	Anna Owens	cast	show_only	39b5e382-87d5-4112-baaa-0696d687d634	f
40ce92ee-b661-4b0a-ad71-ad1f7d6eedb3	2026-02-24 04:24:23.571894+00	2026-02-24 04:24:23.517+00	Assistant Director	creative	global	\N	f
c9078663-4c9b-4797-b642-12524920cfaa	2026-02-24 04:24:23.817683+00	2026-02-24 04:24:23.764+00	Assistant Dramaturg	creative	global	\N	f
4d25d776-8329-4d0a-b51e-41e3f2c2c07f	2026-02-24 04:24:24.078275+00	2026-02-24 04:24:24.028+00	Assistant Producer	creative	global	\N	f
d6cb09cd-fb17-41ab-8854-deda1b593e6c	2026-02-24 04:24:24.346601+00	2026-02-24 04:24:24.289+00	Assistant Production Electrician	production	global	\N	f
2bd04f35-136e-40eb-9234-3ae4ed71e6d3	2026-02-24 04:24:24.639667+00	2026-02-24 04:24:24.586+00	Assistant Props Master	production	global	\N	f
5e2e97ba-6bd3-44cf-a7fa-cb015127f3d6	2026-02-24 04:24:24.908681+00	2026-02-24 04:24:24.852+00	Assistant Scenic Painter	production	global	\N	f
a340cab1-d6ae-4338-835d-e21c3226b778	2026-02-24 04:24:25.17749+00	2026-02-24 04:24:25.126+00	Assistant Stage Manager	production	global	\N	f
07ec774a-73ae-4c41-942e-44eb21561337	2026-02-24 04:24:25.434789+00	2026-02-24 04:24:25.378+00	Carpenter	production	global	\N	f
932b1e5a-b6b1-4b20-af16-51df53d38b03	2026-02-24 04:24:25.686376+00	2026-02-24 04:24:25.636+00	Cassie Cooper	cast	show_only	36bc3fcb-e24b-43f3-9be3-b1896ea0444d	f
4d191a6d-14e2-4497-b94b-9cc17b58c860	2026-02-24 04:24:25.944889+00	2026-02-24 04:24:25.892+00	Chris Gorman	cast	show_only	36bc3fcb-e24b-43f3-9be3-b1896ea0444d	f
7828129d-eac8-470c-9bc4-2db7930d39df	2026-02-24 04:24:26.195421+00	2026-02-24 04:24:26.142+00	Claire Ganz	cast	show_only	36bc3fcb-e24b-43f3-9be3-b1896ea0444d	f
9c06f326-660a-465f-9e61-f08ea7376b60	2026-02-24 04:24:26.483055+00	2026-02-24 04:24:26.429+00	Cookie Cusack	cast	show_only	36bc3fcb-e24b-43f3-9be3-b1896ea0444d	f
ff23b3d9-9eef-4c3c-b21f-eecbad0883ed	2026-02-24 04:24:26.753233+00	2026-02-24 04:24:26.703+00	Costume Designer	creative	global	\N	f
3c1b9f47-b433-4656-b6b4-b38ca10bf977	2026-02-24 04:24:27.03449+00	2026-02-24 04:24:26.982+00	Costume Shop Manager	production	global	\N	f
c93ed188-6cfc-4392-b121-f37895cde6c9	2026-02-24 04:24:27.279467+00	2026-02-24 04:24:27.223+00	Dialect Coach	creative	global	\N	f
1d3dabb4-637a-4e3d-b265-4e147d9a2e65	2026-02-24 04:24:27.555843+00	2026-02-24 04:24:27.502+00	Director	creative	global	\N	f
2d446887-611d-47b1-a744-0a2391acfbcc	2026-02-24 04:24:27.827972+00	2026-02-24 04:24:27.768+00	Dolly West	cast	show_only	39b5e382-87d5-4112-baaa-0696d687d634	f
9442fbbc-5ada-4251-89de-b7d00a6d96be	2026-02-24 04:24:28.113832+00	2026-02-24 04:24:28.058+00	Dramaturg	creative	global	\N	f
2b6cb2e5-61fe-4333-8131-052950705084	2026-02-24 04:24:28.396841+00	2026-02-24 04:24:28.333+00	Ernie Cusack	cast	show_only	36bc3fcb-e24b-43f3-9be3-b1896ea0444d	f
9a3a2077-44f4-4c8d-bf80-679cdb6deeb2	2026-02-24 04:24:28.659646+00	2026-02-24 04:24:28.596+00	Esther Horgan	cast	show_only	39b5e382-87d5-4112-baaa-0696d687d634	f
86eaeb64-bd60-40f1-b5fc-c9a1c5f0d8c9	2026-02-24 04:24:28.915386+00	2026-02-24 04:24:28.866+00	Glenn Cooper	cast	show_only	36bc3fcb-e24b-43f3-9be3-b1896ea0444d	f
dd103668-1dc8-481d-94a5-a980d270f304	2026-02-24 04:24:29.167593+00	2026-02-24 04:24:29.116+00	Intimacy Coordinator	creative	global	\N	f
044f12cb-9223-426d-a264-5eb63b441964	2026-02-24 04:24:29.404318+00	2026-02-24 04:24:29.354+00	Jamie O'Brien	cast	show_only	39b5e382-87d5-4112-baaa-0696d687d634	f
1587f37a-69fc-43e8-b1f8-be5f711b955e	2026-02-24 04:24:29.671464+00	2026-02-24 04:24:29.619+00	Justin West	cast	show_only	39b5e382-87d5-4112-baaa-0696d687d634	f
08d9d6a4-d87c-48e0-bad5-11903f301dd3	2026-02-24 04:24:29.901248+00	2026-02-24 04:24:29.853+00	Ken Gorman	cast	show_only	36bc3fcb-e24b-43f3-9be3-b1896ea0444d	f
0de61746-7e60-46aa-8d80-f388e9870618	2026-02-24 04:24:30.143121+00	2026-02-24 04:24:30.09+00	Lenny Ganz	cast	show_only	36bc3fcb-e24b-43f3-9be3-b1896ea0444d	f
2887ec65-59c0-4b2f-bb4f-549bcdf0f315	2026-02-24 04:24:30.400173+00	2026-02-24 04:24:30.345+00	Lightboard Operator	production	global	\N	f
4f393156-3796-4b70-afbd-83febd8c65bd	2026-02-24 04:24:30.646557+00	2026-02-24 04:24:30.598+00	Lighting Designer	creative	global	\N	f
7c89cb8c-cdf7-4239-8e6b-704fc03be968	2026-02-24 04:24:30.898224+00	2026-02-24 04:24:30.844+00	Lighting Technician	production	global	\N	f
ef28cecb-711c-4458-adce-a350d4aa3636	2026-02-24 04:24:31.129382+00	2026-02-24 04:24:31.08+00	Marco Delavicario	cast	show_only	39b5e382-87d5-4112-baaa-0696d687d634	f
5c66eb74-ac84-4d41-a4e8-88c2c9cfb927	2026-02-24 04:24:31.373926+00	2026-02-24 04:24:31.321+00	Master Carpenter & Scene Shop Supervisor	production	global	\N	f
c05ea0d9-7fff-454c-b809-365e1c4c5391	2026-02-24 04:24:31.627797+00	2026-02-24 04:24:31.572+00	Ned Horgan	cast	show_only	39b5e382-87d5-4112-baaa-0696d687d634	f
fad4fdc0-3f5c-43b4-b322-cd5d57422180	2026-02-24 04:24:31.893115+00	2026-02-24 04:24:31.837+00	Officer Pudney	cast	show_only	36bc3fcb-e24b-43f3-9be3-b1896ea0444d	f
652ffa79-a23b-42fe-81e2-55b88d6c5530	2026-02-24 04:24:32.230194+00	2026-02-24 04:24:32.179+00	Officer Welch	cast	show_only	36bc3fcb-e24b-43f3-9be3-b1896ea0444d	f
146e88d0-5edc-4698-ae99-4444f3644cab	2026-02-24 04:24:32.477827+00	2026-02-24 04:24:32.425+00	Producer	creative	global	\N	f
e143be36-ad7e-4f1a-8ed8-a643a707dfec	2026-02-24 04:24:32.729828+00	2026-02-24 04:24:32.681+00	Production Electrician	production	global	\N	f
76724ded-446d-40d2-8708-786ecaadbcf4	2026-02-24 04:24:32.988696+00	2026-02-24 04:24:32.933+00	Production Manager	creative	global	\N	f
1e3813e8-762b-4697-ac87-274799c9a219	2026-02-24 04:24:33.220221+00	2026-02-24 04:24:33.17+00	Props Designer	creative	global	\N	f
6416b5d1-d78c-4e17-9832-303c36721a72	2026-02-24 04:24:33.479398+00	2026-02-24 04:24:33.423+00	Props Master	production	global	\N	f
78c2f13d-69cd-4c08-9115-21248f679d4a	2026-02-24 04:24:33.730009+00	2026-02-24 04:24:33.669+00	Rima West	cast	show_only	39b5e382-87d5-4112-baaa-0696d687d634	f
23aefe1a-f690-4bdf-b42c-2f44ead3e01d	2026-02-24 04:24:33.967922+00	2026-02-24 04:24:33.919+00	Scenic Designer	creative	global	\N	f
fbca2b5b-ba60-49e1-a417-c0e311246fc7	2026-02-24 04:24:34.218314+00	2026-02-24 04:24:34.167+00	Sound Designer	creative	global	\N	f
b1b2afc4-87d9-4cbd-b52f-3fd17c26e41d	2026-02-24 04:24:34.469405+00	2026-02-24 04:24:34.418+00	Sound Operator	production	global	\N	f
070f0d92-3d70-4057-baa8-2dd854157c04	2026-02-24 04:24:34.706091+00	2026-02-24 04:24:34.655+00	Sound Programmer	production	global	\N	f
c03aeba3-171c-432d-8db5-0411a2f81b57	2026-02-24 04:24:34.97172+00	2026-02-24 04:24:34.898+00	Stage Manager	production	global	\N	f
32fda40e-b61b-4ba3-8620-a1ba18568c3d	2026-02-24 04:24:35.219609+00	2026-02-24 04:24:35.167+00	Wardrobe	production	global	\N	f
\.


--
-- Data for Name: backup_show_roles_20260224; Type: TABLE DATA; Schema: public; Owner: -
--

COPY public.backup_show_roles_20260224 (id, show_id, person_id, role_name, category, billing_order, bio_order, hidden_from_cast_list, hidden_from_bios, created_at, role_template_id) FROM stdin;
4be94229-463c-4bdc-bad9-a345634d95a1	39b5e382-87d5-4112-baaa-0696d687d634	622d965b-68f8-4787-82cf-76367d7c98a4	Wardrobe	production	\N	\N	f	f	2026-02-23 17:42:05.207579+00	\N
c2046804-467b-4cc5-931b-53bb82e13051	39b5e382-87d5-4112-baaa-0696d687d634	4da0fe1f-168f-49df-a067-a7f80c40c2e8	Assistant Stage Manager	production	\N	\N	f	f	2026-02-23 17:42:05.207579+00	\N
93badb8f-204a-408d-94db-24a898fa8460	39b5e382-87d5-4112-baaa-0696d687d634	ff9d9855-7bbc-47ce-af45-c05bcee3b65b	Assistant Stage Manager	production	\N	\N	f	f	2026-02-23 17:42:05.207579+00	\N
11b12d02-c425-4417-bcb4-b785b770efc9	39b5e382-87d5-4112-baaa-0696d687d634	01bfdbc3-1d59-474a-9210-3c4dc70fa008	Carpenter	production	\N	\N	f	f	2026-02-23 17:42:05.207579+00	\N
1103c91a-47b8-4c7d-bfbc-09ad0ecd0cc5	39b5e382-87d5-4112-baaa-0696d687d634	63684bdc-3b08-4715-8c57-6233224770b5	Dramaturg	production	\N	\N	f	f	2026-02-23 17:42:05.207579+00	\N
77543e01-d5d1-4559-a2d1-e3c4b37c0f9c	39b5e382-87d5-4112-baaa-0696d687d634	a6f4edbe-7834-43c5-88f0-17518f25c92f	Props Master	production	\N	\N	f	f	2026-02-23 17:42:05.207579+00	\N
913971d5-b92b-448b-a883-828773052188	39b5e382-87d5-4112-baaa-0696d687d634	44723ef4-ca6f-4b58-8121-d698042bc345	Scenic Designer	production	\N	\N	f	f	2026-02-23 17:42:05.207579+00	\N
418ef510-f69c-467d-a050-396c7d65eca5	39b5e382-87d5-4112-baaa-0696d687d634	efb02484-504b-4d99-b827-d4e3f541fcf2	Assistant Production Electrician	production	\N	\N	f	f	2026-02-23 17:42:05.207579+00	\N
dea182d1-3d96-4da7-b397-106940f26b5a	39b5e382-87d5-4112-baaa-0696d687d634	41128de2-5f4c-45fb-8c2c-6cc4ec5bb71f	Director	production	\N	\N	f	f	2026-02-23 17:42:05.207579+00	\N
738d514d-7801-4857-8175-85803d1a8989	39b5e382-87d5-4112-baaa-0696d687d634	913fb563-32d0-43f5-a4cd-e4d823514428	Scenic Painter	production	\N	\N	f	f	2026-02-23 17:42:05.207579+00	\N
c5c85665-4f84-4832-8dd2-ad441f89597a	39b5e382-87d5-4112-baaa-0696d687d634	53215072-449a-46c7-8e9e-4c0a819ab539	Costume Designer; Costume Shop Manager	production	\N	\N	f	f	2026-02-23 17:42:05.207579+00	\N
31e0a9ae-7550-43f8-8dec-9923ec2b3371	39b5e382-87d5-4112-baaa-0696d687d634	cf5490d6-c866-4ce1-9a2d-9c5847386251	Assistant Props Master	production	\N	\N	f	f	2026-02-23 17:42:05.207579+00	\N
09d4165d-d756-4ee5-8912-de3a8642805a	39b5e382-87d5-4112-baaa-0696d687d634	ffe99c97-a17b-48ff-af2a-771cb32e449f	Production Electrician	production	\N	\N	f	f	2026-02-23 17:42:05.207579+00	\N
f5e505d5-5eb1-487b-bac7-0a6b23d1ab7b	39b5e382-87d5-4112-baaa-0696d687d634	60fd7cd0-3501-4cdb-8525-6284cc2a30d7	Assistant Stage Manager	production	\N	\N	f	f	2026-02-23 17:42:05.207579+00	\N
5540c837-b39b-4db4-b95c-6fe31b577faf	39b5e382-87d5-4112-baaa-0696d687d634	7665a591-8363-45cb-a238-ce372ddf96fc	Master Carpenter & Scene Shop Supervisor	production	\N	\N	f	f	2026-02-23 17:42:05.207579+00	\N
6d0a85d8-77e2-46e8-947f-1b3c74c1ae7c	39b5e382-87d5-4112-baaa-0696d687d634	26fba0a8-d12d-4ed9-8569-4921f5372499	Lighting Operator; Lighting Technician	production	\N	\N	f	f	2026-02-23 17:42:05.207579+00	\N
b98c14ab-e598-48e2-b455-70fc9ac7929f	39b5e382-87d5-4112-baaa-0696d687d634	4c220426-62bd-4b50-b9b3-662bd37d91fc	Dialect Coach; Intimacy Coordinator	production	\N	\N	f	f	2026-02-23 17:42:05.207579+00	\N
f4e79334-2037-458f-a75d-1bf8cf33341e	39b5e382-87d5-4112-baaa-0696d687d634	921c0e12-e820-4772-aad7-50d77182abfc	Sound Designer	production	\N	\N	f	f	2026-02-23 17:42:05.207579+00	\N
f512df9e-cbd5-4c06-a4b4-61f0bbab9e91	39b5e382-87d5-4112-baaa-0696d687d634	0d8f2b34-463c-4adc-af5d-b17e5f21f821	Assistant Props Master	production	\N	\N	f	f	2026-02-23 17:42:05.207579+00	\N
bc477da1-d71c-4412-9dc6-d7396f5c4ace	39b5e382-87d5-4112-baaa-0696d687d634	3ea9331c-23f2-40b1-8a34-3f572f7bc5d4	Production Manager	production	\N	\N	f	f	2026-02-23 17:42:05.207579+00	\N
f1ecfb7b-10ee-4c3a-8325-455130fbf1a6	39b5e382-87d5-4112-baaa-0696d687d634	69bea7ae-80c0-48bc-8ea5-7ae6e7cae614	Sound Operator; Sound Programmer	production	\N	\N	f	f	2026-02-23 17:42:05.207579+00	\N
9e6a56db-d42b-4551-af00-f8bb437e07e5	39b5e382-87d5-4112-baaa-0696d687d634	f65fc78b-aebb-4766-8a9b-0ad1821fdf02	Producer	production	\N	\N	f	f	2026-02-23 17:42:05.207579+00	\N
6c5d459f-8f08-421a-b506-6b11c0fca4cd	39b5e382-87d5-4112-baaa-0696d687d634	490e320b-cd1a-4541-a8a7-7920f68eaf91	Anna Owens	cast	\N	\N	f	f	2026-02-23 17:42:05.207579+00	\N
6a516f2c-d6ce-4c1c-a602-0a26a290b331	39b5e382-87d5-4112-baaa-0696d687d634	81fa2d1e-e30d-496c-820f-41f25af68022	Marco Delavicario	cast	\N	\N	f	f	2026-02-23 17:42:05.207579+00	\N
b96689ed-4910-46e6-a2a1-3ad5c8d4ba89	39b5e382-87d5-4112-baaa-0696d687d634	78b0ad5f-e921-4f6b-b4f5-386fa1a5b24a	Dolly West	cast	\N	\N	f	f	2026-02-23 17:42:05.207579+00	\N
9e1c669d-2737-402d-803a-15982814a161	39b5e382-87d5-4112-baaa-0696d687d634	dd4eca45-cfb3-4b15-8838-63835d98053a	Jamie O'Brien	cast	\N	\N	f	f	2026-02-23 17:42:05.207579+00	\N
a97a5068-933b-461d-bd4d-a6cc0b2228fc	39b5e382-87d5-4112-baaa-0696d687d634	4a524191-7467-4486-b6f1-e5b7acb23675	Alec Redding	cast	\N	\N	f	f	2026-02-23 17:42:05.207579+00	\N
64ead38c-b033-4e88-8f30-6f1aa79f06d9	39b5e382-87d5-4112-baaa-0696d687d634	285151d1-62de-4e8f-85b6-eb51a6ffcac4	Rima West	cast	\N	\N	f	f	2026-02-23 17:42:05.207579+00	\N
b4471db4-fe7a-4609-a876-711738e204cd	39b5e382-87d5-4112-baaa-0696d687d634	528feb50-9c24-4fce-82a7-9f633bae9682	Ned Horgan	cast	\N	\N	f	f	2026-02-23 17:42:05.207579+00	\N
3b83f0f6-f440-49a3-8ed0-51b8fb0c2080	39b5e382-87d5-4112-baaa-0696d687d634	75106f9c-7cb8-45f3-8c58-fa7f795ab0b4	Lighting Designer	production	\N	\N	f	f	2026-02-23 17:42:05.207579+00	\N
7f12c2b8-6951-4aa3-9641-a1ad99039810	39b5e382-87d5-4112-baaa-0696d687d634	5118e7fc-59b1-4074-aba8-c65ca6bd863c	Carpenter	production	\N	\N	f	f	2026-02-23 17:42:05.207579+00	\N
e0e29ff2-e9e1-44ac-a197-f931a26be04b	39b5e382-87d5-4112-baaa-0696d687d634	8f75775f-f310-4c55-99b9-99a706f6c4c7	Wardrobe	production	\N	\N	f	f	2026-02-23 17:42:05.207579+00	\N
3ef52015-9763-454c-bcfd-208689556757	39b5e382-87d5-4112-baaa-0696d687d634	4811eaec-2cc5-4eb1-8c5d-d3351e93977d	Stage Manager	production	\N	\N	f	f	2026-02-23 17:42:05.207579+00	\N
f807c4c8-77b3-4e11-830b-4551ad9b79e4	39b5e382-87d5-4112-baaa-0696d687d634	36201c25-0d3b-4033-a91f-9716c2c938c5	Esther Horgan	cast	\N	\N	f	f	2026-02-23 17:42:05.207579+00	\N
5b404400-170f-4c1f-b4f2-ede5a0aaffc4	39b5e382-87d5-4112-baaa-0696d687d634	1f172ea7-b1a4-431c-9b3d-2dd18891e4ee	Justin West	cast	\N	\N	f	f	2026-02-23 17:42:05.207579+00	\N
4ea0a089-42a0-49f9-bd2d-4bb66b84888b	36bc3fcb-e24b-43f3-9be3-b1896ea0444d	05767b1c-6501-4084-a924-aa491e0fe098	Assistant Scenic Painter	production	\N	\N	f	f	2026-02-23 18:55:45.209718+00	\N
8d639d8e-65d8-48f0-b2e8-20bbc44f7956	36bc3fcb-e24b-43f3-9be3-b1896ea0444d	6c854ec0-3ca0-4b9b-bcf7-bc76dae9bb16	Wardrobe	production	\N	\N	f	f	2026-02-23 18:55:45.209718+00	\N
3474ece4-179b-4398-805f-39c651024191	36bc3fcb-e24b-43f3-9be3-b1896ea0444d	38b69659-8000-406b-b9e0-508f29ce9e50	Assistant Production Electrician	production	\N	\N	f	f	2026-02-23 18:55:45.209718+00	\N
08418b96-c3e0-41c3-8515-2f9f5585c62d	36bc3fcb-e24b-43f3-9be3-b1896ea0444d	99988fad-b308-4213-b1cd-ee2117962c74	Scenic Painter	production	\N	\N	f	f	2026-02-23 18:55:45.209718+00	\N
46af7007-9726-42df-9b5f-929be70e9100	36bc3fcb-e24b-43f3-9be3-b1896ea0444d	7d6d5a7d-d844-4e03-95ba-bd11df76d35f	Wardrobe	production	\N	\N	f	f	2026-02-23 18:55:45.209718+00	\N
c2b62503-39b0-493d-a413-843478c02514	36bc3fcb-e24b-43f3-9be3-b1896ea0444d	6bf9ded3-b625-42cb-9fc8-5ce37757a69e	Assistant Stage Manager	production	\N	\N	f	f	2026-02-23 18:55:45.209718+00	\N
adb98d30-ca70-4e10-ba9e-6f688ab48e14	36bc3fcb-e24b-43f3-9be3-b1896ea0444d	af55d165-787c-4325-ab18-31f46fe6f824	Production Electrician	production	\N	\N	f	f	2026-02-23 18:55:45.209718+00	\N
68fdeed5-1056-4670-8657-359c77aaab58	36bc3fcb-e24b-43f3-9be3-b1896ea0444d	2e70a63e-d58c-4736-9883-b7d7e55609f9	Stage Manager	production	\N	\N	f	f	2026-02-23 18:55:45.209718+00	\N
cbc5aa62-f200-4e89-99f7-c493818f4108	36bc3fcb-e24b-43f3-9be3-b1896ea0444d	b2b58bc4-c572-4f10-a67d-c48081df6af4	Assistant Stage Manager	production	\N	\N	f	f	2026-02-23 18:55:45.209718+00	\N
1fdf272b-63a6-4b3c-a027-727b3bfb1d19	36bc3fcb-e24b-43f3-9be3-b1896ea0444d	77614b5c-e9fd-4f94-aafa-b6a97abf6ea9	Master Carpenter & Scene Shop Supervisor	production	\N	\N	f	f	2026-02-23 18:55:45.209718+00	\N
39708386-c83a-414f-a91b-a5de22f18b0e	36bc3fcb-e24b-43f3-9be3-b1896ea0444d	566a5db8-0292-4820-8cfd-62f6c742b151	Officer Welch	production	\N	\N	f	f	2026-02-23 18:55:45.209718+00	\N
7ec51bbe-2125-4939-a269-eb20c271f325	36bc3fcb-e24b-43f3-9be3-b1896ea0444d	d80fa5a3-afa5-4085-a188-4258f1e01b71	Sound Operator	production	\N	\N	f	f	2026-02-23 18:55:45.209718+00	\N
e89d2b2e-6c58-424d-a90e-bda8f7495c52	36bc3fcb-e24b-43f3-9be3-b1896ea0444d	c1a3d97d-e44e-4c45-9f8b-6c57800bd140	Carpenter	production	\N	\N	f	f	2026-02-23 18:55:45.209718+00	\N
9f7ed17e-5e0a-478b-a27e-904a162147fc	36bc3fcb-e24b-43f3-9be3-b1896ea0444d	c3186636-8f58-4df0-bf24-ae0edced8345	Assistant Stage Manager	production	\N	\N	f	f	2026-02-23 18:55:45.209718+00	\N
128d0884-ff8a-4de8-a40a-18eb8979c0f8	36bc3fcb-e24b-43f3-9be3-b1896ea0444d	a99001d1-9e42-4986-83a7-d5bef430221f	Claire Ganz	cast	\N	\N	f	f	2026-02-23 18:55:45.209718+00	\N
6f668fb2-19f0-4f40-abb5-9629cb191032	36bc3fcb-e24b-43f3-9be3-b1896ea0444d	bc9aba26-9af1-4309-b1a2-baef8c452c51	Officer Pudney	cast	\N	\N	f	f	2026-02-23 18:55:45.209718+00	\N
f83f29cf-2e68-4ce3-bd9c-f4a82a7e60e0	36bc3fcb-e24b-43f3-9be3-b1896ea0444d	ca9013d2-d064-4cfa-856b-830b0b2bef74	Chris Gorman	cast	\N	\N	f	f	2026-02-23 18:55:45.209718+00	\N
fe574d94-4cf0-452f-8b92-caa602484368	36bc3fcb-e24b-43f3-9be3-b1896ea0444d	3cc608cd-f4f7-4f71-8fb6-a6a7f00a3417	Ernie Cusack	cast	\N	\N	f	f	2026-02-23 18:55:45.209718+00	\N
67f735c2-e520-40c5-a45c-d3864039721e	36bc3fcb-e24b-43f3-9be3-b1896ea0444d	f78a0760-0238-42e2-9216-2200f496f6ae	Ken Gorman	cast	\N	\N	f	f	2026-02-23 18:55:45.209718+00	\N
42e54854-d294-4ef2-8d1a-56cf70504551	36bc3fcb-e24b-43f3-9be3-b1896ea0444d	369ded7e-901a-4744-bfc0-8f8bab0b5f21	Cookie Cusack	cast	\N	\N	f	f	2026-02-23 18:55:45.209718+00	\N
626ec385-30b9-42f4-b3e9-cf0aeef2ba1e	36bc3fcb-e24b-43f3-9be3-b1896ea0444d	cd9aa423-21d8-40db-8fb1-51221d7605ac	Lenny Ganz	cast	\N	\N	f	f	2026-02-23 18:55:45.209718+00	\N
b4b09fbc-9659-4ddc-b61f-ca378fb31ede	36bc3fcb-e24b-43f3-9be3-b1896ea0444d	6a5c6243-efca-436a-96e3-1c5af89a37d5	Cassie Cooper	cast	\N	\N	f	f	2026-02-23 18:55:45.209718+00	\N
9e751f35-328d-44e4-bb0a-54915df6258a	36bc3fcb-e24b-43f3-9be3-b1896ea0444d	f4b5b5b9-07bb-46c5-993c-7507e9dc2276	Glenn Cooper	cast	\N	\N	f	f	2026-02-23 18:55:45.209718+00	\N
ea9cd08a-5c2b-4fd2-a326-c324841fac39	36bc3fcb-e24b-43f3-9be3-b1896ea0444d	55ab1f30-2eb2-4198-b01b-38a580bed2bf	Assistant Producer	creative	\N	\N	f	f	2026-02-23 18:55:45.209718+00	\N
91491ac8-c58f-4544-8ca3-a70db3439bb1	36bc3fcb-e24b-43f3-9be3-b1896ea0444d	38df7599-eac0-4611-aa2b-1902e7dfc93b	Director	creative	\N	\N	f	f	2026-02-23 18:55:45.209718+00	\N
14868ac6-4208-4359-8827-87459aed66a7	36bc3fcb-e24b-43f3-9be3-b1896ea0444d	b611d522-15e6-4ebb-aa78-dc954d8b0ac7	Props Designer; Props Master	creative	\N	\N	f	f	2026-02-23 18:55:45.209718+00	\N
d74f0550-3106-4e19-82ff-1559d55b705d	36bc3fcb-e24b-43f3-9be3-b1896ea0444d	00302bef-d61b-4a82-8a63-5b02ee18e9bc	Lighting Designer	creative	\N	\N	f	f	2026-02-23 18:55:45.209718+00	\N
15d604ab-1dbc-4e2d-b366-1eb5fd043800	36bc3fcb-e24b-43f3-9be3-b1896ea0444d	15ffb09e-ee8c-435b-85c7-58990021900a	Assistant Dramaturg	creative	\N	\N	f	f	2026-02-23 18:55:45.209718+00	\N
ec3b1a65-f8ef-4da2-bea6-bc520573816c	36bc3fcb-e24b-43f3-9be3-b1896ea0444d	5b1c8bb9-c12b-4327-ad6b-4b5e5eff7aa4	Costume Designer; Costume Shop Manager	creative	\N	\N	f	f	2026-02-23 18:55:45.209718+00	\N
0243ce84-0f37-42fd-9ebc-b34da7f258e6	36bc3fcb-e24b-43f3-9be3-b1896ea0444d	014eaabd-46a7-45c2-a86b-94eee1e8db47	Production Manager	creative	\N	\N	f	f	2026-02-23 18:55:45.209718+00	\N
a2de5600-7022-474d-a717-b2be326db99a	36bc3fcb-e24b-43f3-9be3-b1896ea0444d	1619911f-cc9a-4437-9a78-e01582043a01	Assistant Director	creative	\N	\N	f	f	2026-02-23 18:55:45.209718+00	\N
62d2056f-208c-4e74-8602-554d230251df	36bc3fcb-e24b-43f3-9be3-b1896ea0444d	0d7aeb5a-c402-4b7e-9a7e-32875f5945ed	Scenic Designer	creative	\N	\N	f	f	2026-02-23 18:55:45.209718+00	\N
e3927964-4102-4059-9775-68db6beedf5a	36bc3fcb-e24b-43f3-9be3-b1896ea0444d	c2dd42b1-46b7-4394-a27e-1d442642caf9	Dramaturg; Lightboard Operator	creative	\N	\N	f	f	2026-02-23 18:55:45.209718+00	\N
f52c9b26-7ae6-43eb-b199-5facd60be96e	36bc3fcb-e24b-43f3-9be3-b1896ea0444d	23657b58-9e88-4311-bde9-bdf7ef9d25a1	Sound Designer	creative	\N	\N	f	f	2026-02-23 18:55:45.209718+00	\N
\.


--
-- Data for Name: departments; Type: TABLE DATA; Schema: public; Owner: -
--

COPY public.departments (id, created_at, updated_at, name, description, website, contact_email, contact_phone) FROM stdin;
edf443be-24f8-475d-9f28-1069f6952fad	2026-02-24 01:37:01.504658+00	2026-02-24 01:37:01.504658+00	Siena University Creative Arts Department	<p>Chair &amp; Professor: Scott N. Foster MFA</p><p><br></p><p>Professor: Mahmood Karimi-Hakak, Paul Konye, PhD, Tim Reno, DMA, Rebecca Taylor, JD;</p><p><br></p><p>Associate Professor: Krysta Dennis, PhD, Germaine Gatewood, MFA, Joshua Iddings, PhD;</p><p><br></p><p>Teaching Professor: Katria Foster, MFA</p><p><br></p><p>Scene Shop Supervisor and Master Carpenter: Jeff Sullivan</p><p><br></p><p>The Siena University Creative Arts Department offers an education that unites the visual arts, theater, music, broadcast media, and history through a curriculum designed for students to study, create, and respond to various forms of art and communication. Faculty actively advise students and guide them through specialized tracks within the major based on their interests and ambitions. Graduates of the Creative Arts are well prepared for future personal, academic, or professional work in the arts.</p><p><br></p><p>The goal of the Creative Arts Department is to engage students with works of the creative imagination. Courses meet this goal through three approaches:</p><p><br></p><p><span>1.</span> By developing the students’ aesthetic appreciation of the arts of the world in which they live.</p><p><br></p><p><span>2.</span> By enabling students to understand the arts as reflections of the cultural spirit of various epochs.</p><p><br></p><p><span>3.</span> By encouraging the development of students’ own creative potential and skill. The Creative Arts Department offers a Creative Arts Major, a Visual Art and Design Major, a Theatre Major with tracks in Acting, Design, and Management, a Theatre Certificate, a multimedia certificate and minor, a minor in Creative Arts, and a minor in Broadcast and Society.</p>			
\.


--
-- Data for Name: exports; Type: TABLE DATA; Schema: public; Owner: -
--

COPY public.exports (id, show_id, export_type, status, params, file_path, created_by, created_at, completed_at) FROM stdin;
01e83dee-f38e-4f26-8932-f42f778e3b2a	36bc3fcb-e24b-43f3-9be3-b1896ea0444d	proof	done	{}	/api/exports/01e83dee-f38e-4f26-8932-f42f778e3b2a/download	fb137e07-9006-47a3-9492-f4c155c31313	2026-02-24 06:12:30.604344+00	2026-02-24 06:12:30.668+00
a22c5f69-3235-4027-8e81-1c793901772f	36bc3fcb-e24b-43f3-9be3-b1896ea0444d	print	done	{}	/api/exports/a22c5f69-3235-4027-8e81-1c793901772f/download	fb137e07-9006-47a3-9492-f4c155c31313	2026-02-24 06:12:57.80959+00	2026-02-24 06:12:57.856+00
07792c0d-07d8-4ef5-a8aa-9ce8598513f0	36bc3fcb-e24b-43f3-9be3-b1896ea0444d	print	done	{}	/api/exports/07792c0d-07d8-4ef5-a8aa-9ce8598513f0/download	fb137e07-9006-47a3-9492-f4c155c31313	2026-02-24 06:25:03.930473+00	2026-02-24 06:25:04.042+00
\.


--
-- Data for Name: note_templates; Type: TABLE DATA; Schema: public; Owner: -
--

COPY public.note_templates (id, created_at, updated_at, name, request_type, scope, show_id, is_archived) FROM stdin;
\.


--
-- Data for Name: program_modules; Type: TABLE DATA; Schema: public; Owner: -
--

COPY public.program_modules (id, show_id, module_type, display_title, module_order, visible, filler_eligible, settings, created_at, updated_at) FROM stdin;
282de11d-50ec-45fc-8f00-38ddd02ef07e	39b5e382-87d5-4112-baaa-0696d687d634	cover	Show Cover	0	t	f	{}	2026-02-22 17:25:13.752182+00	2026-02-22 17:25:13.752182+00
32ad44c5-5a29-4470-8fd7-1d3457e8a808	39b5e382-87d5-4112-baaa-0696d687d634	production_info	Main Production	1	t	f	{}	2026-02-22 17:25:13.752182+00	2026-02-22 17:25:13.752182+00
da4ef267-57f0-40d5-aea2-3e25012f5623	39b5e382-87d5-4112-baaa-0696d687d634	cast_list	cast list	2	t	f	{}	2026-02-22 17:25:13.752182+00	2026-02-22 17:25:13.752182+00
37ecec1d-fe60-45ba-b87e-5ec08aefe50c	39b5e382-87d5-4112-baaa-0696d687d634	creative_team	creative team	3	t	f	{}	2026-02-22 17:25:13.752182+00	2026-02-22 17:25:13.752182+00
1fe339dd-57af-40a9-9915-db683ad65cab	39b5e382-87d5-4112-baaa-0696d687d634	production_team	production team	4	t	f	{}	2026-02-22 17:25:13.752182+00	2026-02-22 17:25:13.752182+00
ed54de70-ae32-454d-8c82-4a663cde5732	39b5e382-87d5-4112-baaa-0696d687d634	bios	bios	5	t	t	{}	2026-02-22 17:25:13.752182+00	2026-02-22 17:25:13.752182+00
49fcece2-d978-4d23-84c5-da2cc73c8b5f	39b5e382-87d5-4112-baaa-0696d687d634	director_note	director note	6	t	f	{}	2026-02-22 17:25:13.752182+00	2026-02-22 17:25:13.752182+00
d67c4a7d-e439-4c7d-88f6-be1f31cc9076	39b5e382-87d5-4112-baaa-0696d687d634	acts_scenes	acts scenes	7	t	f	{}	2026-02-22 17:25:13.752182+00	2026-02-22 17:25:13.752182+00
a5cb8f85-17fe-4dd3-99cd-80d6eb68c15c	39b5e382-87d5-4112-baaa-0696d687d634	songs	songs	8	t	f	{}	2026-02-22 17:25:13.752182+00	2026-02-22 17:25:13.752182+00
915d1ee6-d9d9-496b-ae98-55af6e3d2437	39b5e382-87d5-4112-baaa-0696d687d634	headshots_grid	headshots grid	9	t	f	{}	2026-02-22 17:25:13.752182+00	2026-02-22 17:25:13.752182+00
80a9fd68-a64a-4aa4-bc02-9765fe1ef80b	39b5e382-87d5-4112-baaa-0696d687d634	sponsors	sponsors	10	t	t	{}	2026-02-22 17:25:13.752182+00	2026-02-22 17:25:13.752182+00
aceaa31d-e6e9-4509-8985-5bd903b21851	39b5e382-87d5-4112-baaa-0696d687d634	special_thanks	special thanks	11	t	t	{}	2026-02-22 17:25:13.752182+00	2026-02-22 17:25:13.752182+00
45e9e2e1-e0d6-49a6-955f-aaf06913e4b1	39b5e382-87d5-4112-baaa-0696d687d634	back_cover	back cover	12	t	f	{}	2026-02-22 17:25:13.752182+00	2026-02-22 17:25:13.752182+00
5e3755cf-da29-4c2d-83a2-327ff40135d6	36bc3fcb-e24b-43f3-9be3-b1896ea0444d	cover	cover	0	t	f	{"allow_split": false, "show_header": false, "separate_page": true, "placement_mode": "isolated", "allow_multiple_pages": false}	2026-02-25 07:18:58.912638+00	2026-02-25 07:18:58.912638+00
245535b6-8399-4b21-b729-b410f36da15d	36bc3fcb-e24b-43f3-9be3-b1896ea0444d	director_note	Director's Note	1	t	f	{"show_header": true, "keep_together": true, "separate_page": true, "placement_mode": "isolated", "allow_multiple_pages": false}	2026-02-25 07:18:58.912638+00	2026-02-25 07:18:58.912638+00
c5f0b129-d11d-4115-9304-c4bfc49bfab8	36bc3fcb-e24b-43f3-9be3-b1896ea0444d	dramaturgical_note	Dramaturgical Note	2	t	f	{"show_header": true, "keep_together": true, "separate_page": true, "placement_mode": "isolated", "allow_multiple_pages": false}	2026-02-25 07:18:58.912638+00	2026-02-25 07:18:58.912638+00
23a52d54-1552-4312-803b-ab425e3e98a5	36bc3fcb-e24b-43f3-9be3-b1896ea0444d	production_info	production info	3	f	f	{"show_header": true, "separate_page": false, "placement_mode": "flow", "allow_multiple_pages": false}	2026-02-25 07:18:58.912638+00	2026-02-25 07:18:58.912638+00
87978968-a15f-4a68-a5b8-b0ce4a55fa82	36bc3fcb-e24b-43f3-9be3-b1896ea0444d	cast_list	cast list	4	t	f	{"show_header": true, "separate_page": false, "placement_mode": "flow", "allow_multiple_pages": false}	2026-02-25 07:18:58.912638+00	2026-02-25 07:18:58.912638+00
2de6e1b1-bee2-45b9-a712-ca47ed15085a	36bc3fcb-e24b-43f3-9be3-b1896ea0444d	creative_team	creative team	5	t	f	{"show_header": true, "separate_page": false, "placement_mode": "flow", "allow_multiple_pages": false}	2026-02-25 07:18:58.912638+00	2026-02-25 07:18:58.912638+00
319022b2-5f9d-4d9c-adfd-e544f085f22f	36bc3fcb-e24b-43f3-9be3-b1896ea0444d	production_team	production team	6	t	t	{"show_header": true, "separate_page": false, "placement_mode": "flow", "allow_multiple_pages": false}	2026-02-25 07:18:58.912638+00	2026-02-25 07:18:58.912638+00
3e351d10-38fb-4662-b71a-72f1e14a7d5b	36bc3fcb-e24b-43f3-9be3-b1896ea0444d	bios	bios	7	t	f	{"show_header": true, "keep_together": false, "separate_page": false, "placement_mode": "flow", "include_headshots": false, "allow_multiple_pages": true}	2026-02-25 07:18:58.912638+00	2026-02-25 07:18:58.912638+00
d7a24862-2b25-4f5b-b6ae-69cb556740ad	36bc3fcb-e24b-43f3-9be3-b1896ea0444d	acknowledgements	Acknowledgements	8	t	t	{"show_header": true, "separate_page": false, "placement_mode": "flow", "allow_multiple_pages": true}	2026-02-25 07:18:58.912638+00	2026-02-25 07:18:58.912638+00
f897b85b-2704-4a9b-a29b-3ab814db8073	36bc3fcb-e24b-43f3-9be3-b1896ea0444d	department_info	Creative Arts Department	9	t	t	{"show_header": false, "separate_page": false, "placement_mode": "flow", "allow_multiple_pages": false}	2026-02-25 07:18:58.912638+00	2026-02-25 07:18:58.912638+00
5793e800-e5c6-463f-a4b9-a9db429ba1d5	36bc3fcb-e24b-43f3-9be3-b1896ea0444d	acts_scenes	acts scenes	10	f	f	{"show_header": true, "separate_page": false, "placement_mode": "flow", "allow_multiple_pages": false}	2026-02-25 07:18:58.912638+00	2026-02-25 07:18:58.912638+00
210aece6-bebb-4eef-866a-4ab4d30458b9	36bc3fcb-e24b-43f3-9be3-b1896ea0444d	songs	songs	11	f	f	{"show_header": true, "separate_page": false, "placement_mode": "flow", "allow_multiple_pages": false}	2026-02-25 07:18:58.912638+00	2026-02-25 07:18:58.912638+00
f2331586-3a30-4807-a6a4-d11a5f33571d	36bc3fcb-e24b-43f3-9be3-b1896ea0444d	headshots_grid	headshots grid	12	f	t	{"show_header": true, "separate_page": true, "placement_mode": "isolated", "allow_multiple_pages": false}	2026-02-25 07:18:58.912638+00	2026-02-25 07:18:58.912638+00
846b619f-a600-4329-aadd-b28c018e3345	36bc3fcb-e24b-43f3-9be3-b1896ea0444d	sponsors	sponsors	13	t	f	{"show_header": false, "keep_together": true, "separate_page": true, "placement_mode": "isolated", "allow_multiple_pages": false}	2026-02-25 07:18:58.912638+00	2026-02-25 07:18:58.912638+00
acbdc965-5d66-4672-8ba3-569f8fbdc587	36bc3fcb-e24b-43f3-9be3-b1896ea0444d	special_thanks	Special Thanks	14	f	t	{"show_header": true, "separate_page": false, "placement_mode": "flow", "allow_multiple_pages": false}	2026-02-25 07:18:58.912638+00	2026-02-25 07:18:58.912638+00
02f5b818-38e9-4a2d-b5db-d41a81ab9ee3	36bc3fcb-e24b-43f3-9be3-b1896ea0444d	back_cover	back cover	15	t	f	{"mode": "auto", "show_header": false, "separate_page": true, "placement_mode": "isolated", "allow_multiple_pages": false}	2026-02-25 07:18:58.912638+00	2026-02-25 07:18:58.912638+00
\.


--
-- Data for Name: role_templates; Type: TABLE DATA; Schema: public; Owner: -
--

COPY public.role_templates (id, created_at, updated_at, name, category, scope, show_id, is_hidden) FROM stdin;
95b47e98-7a19-4cd2-81ca-c61e40c0caee	2026-02-24 04:24:23.044892+00	2026-02-24 04:24:22.975+00	Alec Redding	cast	show_only	39b5e382-87d5-4112-baaa-0696d687d634	f
ae45084b-32f4-4ec0-9323-af167028e741	2026-02-24 04:24:23.30746+00	2026-02-24 04:24:23.25+00	Anna Owens	cast	show_only	39b5e382-87d5-4112-baaa-0696d687d634	f
40ce92ee-b661-4b0a-ad71-ad1f7d6eedb3	2026-02-24 04:24:23.571894+00	2026-02-24 04:24:23.517+00	Assistant Director	creative	global	\N	f
c9078663-4c9b-4797-b642-12524920cfaa	2026-02-24 04:24:23.817683+00	2026-02-24 04:24:23.764+00	Assistant Dramaturg	creative	global	\N	f
4d25d776-8329-4d0a-b51e-41e3f2c2c07f	2026-02-24 04:24:24.078275+00	2026-02-24 04:24:24.028+00	Assistant Producer	creative	global	\N	f
d6cb09cd-fb17-41ab-8854-deda1b593e6c	2026-02-24 04:24:24.346601+00	2026-02-24 04:24:24.289+00	Assistant Production Electrician	production	global	\N	f
2bd04f35-136e-40eb-9234-3ae4ed71e6d3	2026-02-24 04:24:24.639667+00	2026-02-24 04:24:24.586+00	Assistant Props Master	production	global	\N	f
5e2e97ba-6bd3-44cf-a7fa-cb015127f3d6	2026-02-24 04:24:24.908681+00	2026-02-24 04:24:24.852+00	Assistant Scenic Painter	production	global	\N	f
a340cab1-d6ae-4338-835d-e21c3226b778	2026-02-24 04:24:25.17749+00	2026-02-24 04:24:25.126+00	Assistant Stage Manager	production	global	\N	f
07ec774a-73ae-4c41-942e-44eb21561337	2026-02-24 04:24:25.434789+00	2026-02-24 04:24:25.378+00	Carpenter	production	global	\N	f
932b1e5a-b6b1-4b20-af16-51df53d38b03	2026-02-24 04:24:25.686376+00	2026-02-24 04:24:25.636+00	Cassie Cooper	cast	show_only	36bc3fcb-e24b-43f3-9be3-b1896ea0444d	f
4d191a6d-14e2-4497-b94b-9cc17b58c860	2026-02-24 04:24:25.944889+00	2026-02-24 04:24:25.892+00	Chris Gorman	cast	show_only	36bc3fcb-e24b-43f3-9be3-b1896ea0444d	f
7828129d-eac8-470c-9bc4-2db7930d39df	2026-02-24 04:24:26.195421+00	2026-02-24 04:24:26.142+00	Claire Ganz	cast	show_only	36bc3fcb-e24b-43f3-9be3-b1896ea0444d	f
9c06f326-660a-465f-9e61-f08ea7376b60	2026-02-24 04:24:26.483055+00	2026-02-24 04:24:26.429+00	Cookie Cusack	cast	show_only	36bc3fcb-e24b-43f3-9be3-b1896ea0444d	f
ff23b3d9-9eef-4c3c-b21f-eecbad0883ed	2026-02-24 04:24:26.753233+00	2026-02-24 04:24:26.703+00	Costume Designer	creative	global	\N	f
3c1b9f47-b433-4656-b6b4-b38ca10bf977	2026-02-24 04:24:27.03449+00	2026-02-24 04:24:26.982+00	Costume Shop Manager	production	global	\N	f
c93ed188-6cfc-4392-b121-f37895cde6c9	2026-02-24 04:24:27.279467+00	2026-02-24 04:24:27.223+00	Dialect Coach	creative	global	\N	f
1d3dabb4-637a-4e3d-b265-4e147d9a2e65	2026-02-24 04:24:27.555843+00	2026-02-24 04:24:27.502+00	Director	creative	global	\N	f
2d446887-611d-47b1-a744-0a2391acfbcc	2026-02-24 04:24:27.827972+00	2026-02-24 04:24:27.768+00	Dolly West	cast	show_only	39b5e382-87d5-4112-baaa-0696d687d634	f
9442fbbc-5ada-4251-89de-b7d00a6d96be	2026-02-24 04:24:28.113832+00	2026-02-24 04:24:28.058+00	Dramaturg	creative	global	\N	f
2b6cb2e5-61fe-4333-8131-052950705084	2026-02-24 04:24:28.396841+00	2026-02-24 04:24:28.333+00	Ernie Cusack	cast	show_only	36bc3fcb-e24b-43f3-9be3-b1896ea0444d	f
9a3a2077-44f4-4c8d-bf80-679cdb6deeb2	2026-02-24 04:24:28.659646+00	2026-02-24 04:24:28.596+00	Esther Horgan	cast	show_only	39b5e382-87d5-4112-baaa-0696d687d634	f
86eaeb64-bd60-40f1-b5fc-c9a1c5f0d8c9	2026-02-24 04:24:28.915386+00	2026-02-24 04:24:28.866+00	Glenn Cooper	cast	show_only	36bc3fcb-e24b-43f3-9be3-b1896ea0444d	f
dd103668-1dc8-481d-94a5-a980d270f304	2026-02-24 04:24:29.167593+00	2026-02-24 04:24:29.116+00	Intimacy Coordinator	creative	global	\N	f
044f12cb-9223-426d-a264-5eb63b441964	2026-02-24 04:24:29.404318+00	2026-02-24 04:24:29.354+00	Jamie O'Brien	cast	show_only	39b5e382-87d5-4112-baaa-0696d687d634	f
1587f37a-69fc-43e8-b1f8-be5f711b955e	2026-02-24 04:24:29.671464+00	2026-02-24 04:24:29.619+00	Justin West	cast	show_only	39b5e382-87d5-4112-baaa-0696d687d634	f
08d9d6a4-d87c-48e0-bad5-11903f301dd3	2026-02-24 04:24:29.901248+00	2026-02-24 04:24:29.853+00	Ken Gorman	cast	show_only	36bc3fcb-e24b-43f3-9be3-b1896ea0444d	f
0de61746-7e60-46aa-8d80-f388e9870618	2026-02-24 04:24:30.143121+00	2026-02-24 04:24:30.09+00	Lenny Ganz	cast	show_only	36bc3fcb-e24b-43f3-9be3-b1896ea0444d	f
2887ec65-59c0-4b2f-bb4f-549bcdf0f315	2026-02-24 04:24:30.400173+00	2026-02-24 04:24:30.345+00	Lightboard Operator	production	global	\N	f
4f393156-3796-4b70-afbd-83febd8c65bd	2026-02-24 04:24:30.646557+00	2026-02-24 04:24:30.598+00	Lighting Designer	creative	global	\N	f
7c89cb8c-cdf7-4239-8e6b-704fc03be968	2026-02-24 04:24:30.898224+00	2026-02-24 04:24:30.844+00	Lighting Technician	production	global	\N	f
ef28cecb-711c-4458-adce-a350d4aa3636	2026-02-24 04:24:31.129382+00	2026-02-24 04:24:31.08+00	Marco Delavicario	cast	show_only	39b5e382-87d5-4112-baaa-0696d687d634	f
5c66eb74-ac84-4d41-a4e8-88c2c9cfb927	2026-02-24 04:24:31.373926+00	2026-02-24 04:24:31.321+00	Master Carpenter & Scene Shop Supervisor	production	global	\N	f
c05ea0d9-7fff-454c-b809-365e1c4c5391	2026-02-24 04:24:31.627797+00	2026-02-24 04:24:31.572+00	Ned Horgan	cast	show_only	39b5e382-87d5-4112-baaa-0696d687d634	f
fad4fdc0-3f5c-43b4-b322-cd5d57422180	2026-02-24 04:24:31.893115+00	2026-02-24 04:24:31.837+00	Officer Pudney	cast	show_only	36bc3fcb-e24b-43f3-9be3-b1896ea0444d	f
652ffa79-a23b-42fe-81e2-55b88d6c5530	2026-02-24 04:24:32.230194+00	2026-02-24 04:24:32.179+00	Officer Welch	cast	show_only	36bc3fcb-e24b-43f3-9be3-b1896ea0444d	f
146e88d0-5edc-4698-ae99-4444f3644cab	2026-02-24 04:24:32.477827+00	2026-02-24 04:24:32.425+00	Producer	creative	global	\N	f
e143be36-ad7e-4f1a-8ed8-a643a707dfec	2026-02-24 04:24:32.729828+00	2026-02-24 04:24:32.681+00	Production Electrician	production	global	\N	f
76724ded-446d-40d2-8708-786ecaadbcf4	2026-02-24 04:24:32.988696+00	2026-02-24 04:24:32.933+00	Production Manager	creative	global	\N	f
1e3813e8-762b-4697-ac87-274799c9a219	2026-02-24 04:24:33.220221+00	2026-02-24 04:24:33.17+00	Props Designer	creative	global	\N	f
6416b5d1-d78c-4e17-9832-303c36721a72	2026-02-24 04:24:33.479398+00	2026-02-24 04:24:33.423+00	Props Master	production	global	\N	f
78c2f13d-69cd-4c08-9115-21248f679d4a	2026-02-24 04:24:33.730009+00	2026-02-24 04:24:33.669+00	Rima West	cast	show_only	39b5e382-87d5-4112-baaa-0696d687d634	f
23aefe1a-f690-4bdf-b42c-2f44ead3e01d	2026-02-24 04:24:33.967922+00	2026-02-24 04:24:33.919+00	Scenic Designer	creative	global	\N	f
fbca2b5b-ba60-49e1-a417-c0e311246fc7	2026-02-24 04:24:34.218314+00	2026-02-24 04:24:34.167+00	Sound Designer	creative	global	\N	f
b1b2afc4-87d9-4cbd-b52f-3fd17c26e41d	2026-02-24 04:24:34.469405+00	2026-02-24 04:24:34.418+00	Sound Operator	production	global	\N	f
070f0d92-3d70-4057-baa8-2dd854157c04	2026-02-24 04:24:34.706091+00	2026-02-24 04:24:34.655+00	Sound Programmer	production	global	\N	f
c03aeba3-171c-432d-8db5-0411a2f81b57	2026-02-24 04:24:34.97172+00	2026-02-24 04:24:34.898+00	Stage Manager	production	global	\N	f
32fda40e-b61b-4ba3-8620-a1ba18568c3d	2026-02-24 04:24:35.219609+00	2026-02-24 04:24:35.167+00	Wardrobe	production	global	\N	f
80fc7dd3-c6d2-4100-8c2b-4d813a92c169	2026-02-24 04:31:53.870655+00	2026-02-24 04:31:53.870655+00	Costume Designer; Costume Shop Manager	creative	global	\N	f
a37526eb-8fd1-4057-a512-001f360ac539	2026-02-24 04:31:53.870655+00	2026-02-24 04:31:53.870655+00	Costume Designer; Costume Shop Manager	production	global	\N	f
cd5fd1e5-09cb-4801-bce2-35177ebaef87	2026-02-24 04:31:53.870655+00	2026-02-24 04:31:53.870655+00	Dialect Coach; Intimacy Coordinator	production	global	\N	f
61113ffd-2a81-4b08-8cf4-f670e616c645	2026-02-24 04:31:53.870655+00	2026-02-24 04:31:53.870655+00	Director	production	global	\N	f
6727409c-036d-4b9c-b3a4-907962a16b85	2026-02-24 04:31:53.870655+00	2026-02-24 04:31:53.870655+00	Dramaturg	production	global	\N	f
1ee36e80-67dc-433d-8f28-ab2d7ed4697d	2026-02-24 04:31:53.870655+00	2026-02-24 04:31:53.870655+00	Dramaturg; Lightboard Operator	creative	global	\N	f
cd0c8dec-3d9f-41a5-a7a5-59ef570f0bea	2026-02-24 04:31:53.870655+00	2026-02-24 04:31:53.870655+00	Lighting Designer	production	global	\N	f
d39d420c-9e63-498a-a394-70e2fa2dd10b	2026-02-24 04:31:53.870655+00	2026-02-24 04:31:53.870655+00	Lighting Operator; Lighting Technician	production	global	\N	f
65c99044-45b8-45a5-ada3-c8477aef5d23	2026-02-24 04:31:53.870655+00	2026-02-24 04:31:53.870655+00	Officer Welch	production	global	\N	f
f8a4fc3e-5dd5-4d1f-955b-701787187e74	2026-02-24 04:31:53.870655+00	2026-02-24 04:31:53.870655+00	Producer	production	global	\N	f
5884b5c2-f3c6-4d3f-bea9-676764c94a78	2026-02-24 04:31:53.870655+00	2026-02-24 04:31:53.870655+00	Production Manager	production	global	\N	f
04bb5ab6-84d4-490c-9428-f48961500c12	2026-02-24 04:31:53.870655+00	2026-02-24 04:31:53.870655+00	Props Designer; Props Master	creative	global	\N	f
ea3c17c2-5f01-4af5-9ae4-228fc862e866	2026-02-24 04:31:53.870655+00	2026-02-24 04:31:53.870655+00	Scenic Designer	production	global	\N	f
f8d7144d-4e85-4ae5-a87b-3134e20d5a78	2026-02-24 04:31:53.870655+00	2026-02-24 04:31:53.870655+00	Scenic Painter	production	global	\N	f
9d22fd99-0cf4-4418-b4fc-0f82e83d882c	2026-02-24 04:31:53.870655+00	2026-02-24 04:31:53.870655+00	Sound Designer	production	global	\N	f
cf7a6658-626b-47f0-ac6a-f6a84bb880c6	2026-02-24 04:31:53.870655+00	2026-02-24 04:31:53.870655+00	Sound Operator; Sound Programmer	production	global	\N	f
\.


--
-- Data for Name: season_events; Type: TABLE DATA; Schema: public; Owner: -
--

COPY public.season_events (id, season_id, title, location, event_start_date, event_end_date, time_text, sort_order, created_at, updated_at) FROM stdin;
fc70225d-2f16-45f6-9a5d-8e3c7176ca83	e7a795f3-08da-4e83-801e-b0cefa211350	Annual Festival of Lessons & Carols	St. Mary of the Angels Chapel	2025-12-05	2025-12-05	8:00PM	0	2026-02-24 01:40:24.712981+00	2026-02-24 01:41:17.315+00
62d4810c-4964-426c-a231-a166dc29ff1b	e7a795f3-08da-4e83-801e-b0cefa211350	Crea 311 Reception	Foy Gallery	2025-12-08	\N	1:30PM	0	2026-02-24 01:42:02.76486+00	2026-02-24 01:42:02.652+00
1be6d7dc-183c-4e24-9fef-ad20d31454c9	e7a795f3-08da-4e83-801e-b0cefa211350	Misatango	St. Mary of the Angels Chapel	2026-03-21	2026-03-22	Saturday at 7:30PM, Sunday at 2:00PM	0	2026-02-24 01:44:00.842386+00	2026-02-24 01:44:00.745+00
31ad19be-b93d-4221-8103-94f0b1dcdb0f	e7a795f3-08da-4e83-801e-b0cefa211350	Juried Art Show Reception	Foy Hall Gallery	2026-03-31	\N	4:30PM	0	2026-02-24 01:47:22.814009+00	2026-02-24 01:47:22.725+00
f53e729a-2f09-4cd8-9050-3522bef0b55b	e7a795f3-08da-4e83-801e-b0cefa211350	Dolly West's Kitchen	Beaudoin Theatre	2026-04-16	2026-04-25	8:00PM (3:00PM Matinee on Sunday)	0	2026-02-24 01:49:11.024202+00	2026-02-24 01:49:10.915+00
8ccadfc2-4339-4ac8-8e08-606f1552b026	e7a795f3-08da-4e83-801e-b0cefa211350	Spring Cabaret	Beaudoin Theatre	2026-05-02	2026-05-03	Saturday at 8:00PM, Sunday at 3:00PM	0	2026-02-24 01:50:30.539509+00	2026-02-24 01:50:30.241+00
a388e0d5-e43d-4318-9990-1fbdbe994062	e7a795f3-08da-4e83-801e-b0cefa211350	Capstone Exhibition	Foy Hall Gallery	2026-05-01	2026-05-17		0	2026-02-24 01:51:16.215137+00	2026-02-24 01:51:16.137+00
\.


--
-- Data for Name: show_departments; Type: TABLE DATA; Schema: public; Owner: -
--

COPY public.show_departments (id, show_id, department_id, sort_order, created_at) FROM stdin;
ec136a51-dc41-4902-838d-78de682074b5	36bc3fcb-e24b-43f3-9be3-b1896ea0444d	edf443be-24f8-475d-9f28-1069f6952fad	0	2026-02-24 01:37:13.473376+00
\.


--
-- Data for Name: show_roles; Type: TABLE DATA; Schema: public; Owner: -
--

COPY public.show_roles (id, show_id, person_id, role_name, category, billing_order, bio_order, hidden_from_cast_list, hidden_from_bios, created_at, role_template_id) FROM stdin;
7dca05a2-6ced-40a7-823b-e6cde1d7a92b	36bc3fcb-e24b-43f3-9be3-b1896ea0444d	c2dd42b1-46b7-4394-a27e-1d442642caf9	Lightboard Operator	production	\N	\N	f	f	2026-02-25 05:58:32.15007+00	2887ec65-59c0-4b2f-bb4f-549bcdf0f315
4be94229-463c-4bdc-bad9-a345634d95a1	39b5e382-87d5-4112-baaa-0696d687d634	622d965b-68f8-4787-82cf-76367d7c98a4	Wardrobe	production	\N	\N	f	f	2026-02-23 17:42:05.207579+00	32fda40e-b61b-4ba3-8620-a1ba18568c3d
c2046804-467b-4cc5-931b-53bb82e13051	39b5e382-87d5-4112-baaa-0696d687d634	4da0fe1f-168f-49df-a067-a7f80c40c2e8	Assistant Stage Manager	production	\N	\N	f	f	2026-02-23 17:42:05.207579+00	a340cab1-d6ae-4338-835d-e21c3226b778
93badb8f-204a-408d-94db-24a898fa8460	39b5e382-87d5-4112-baaa-0696d687d634	ff9d9855-7bbc-47ce-af45-c05bcee3b65b	Assistant Stage Manager	production	\N	\N	f	f	2026-02-23 17:42:05.207579+00	a340cab1-d6ae-4338-835d-e21c3226b778
11b12d02-c425-4417-bcb4-b785b770efc9	39b5e382-87d5-4112-baaa-0696d687d634	01bfdbc3-1d59-474a-9210-3c4dc70fa008	Carpenter	production	\N	\N	f	f	2026-02-23 17:42:05.207579+00	07ec774a-73ae-4c41-942e-44eb21561337
1103c91a-47b8-4c7d-bfbc-09ad0ecd0cc5	39b5e382-87d5-4112-baaa-0696d687d634	63684bdc-3b08-4715-8c57-6233224770b5	Dramaturg	production	\N	\N	f	f	2026-02-23 17:42:05.207579+00	6727409c-036d-4b9c-b3a4-907962a16b85
77543e01-d5d1-4559-a2d1-e3c4b37c0f9c	39b5e382-87d5-4112-baaa-0696d687d634	a6f4edbe-7834-43c5-88f0-17518f25c92f	Props Master	production	\N	\N	f	f	2026-02-23 17:42:05.207579+00	6416b5d1-d78c-4e17-9832-303c36721a72
913971d5-b92b-448b-a883-828773052188	39b5e382-87d5-4112-baaa-0696d687d634	44723ef4-ca6f-4b58-8121-d698042bc345	Scenic Designer	production	\N	\N	f	f	2026-02-23 17:42:05.207579+00	ea3c17c2-5f01-4af5-9ae4-228fc862e866
418ef510-f69c-467d-a050-396c7d65eca5	39b5e382-87d5-4112-baaa-0696d687d634	efb02484-504b-4d99-b827-d4e3f541fcf2	Assistant Production Electrician	production	\N	\N	f	f	2026-02-23 17:42:05.207579+00	d6cb09cd-fb17-41ab-8854-deda1b593e6c
dea182d1-3d96-4da7-b397-106940f26b5a	39b5e382-87d5-4112-baaa-0696d687d634	41128de2-5f4c-45fb-8c2c-6cc4ec5bb71f	Director	production	\N	\N	f	f	2026-02-23 17:42:05.207579+00	61113ffd-2a81-4b08-8cf4-f670e616c645
738d514d-7801-4857-8175-85803d1a8989	39b5e382-87d5-4112-baaa-0696d687d634	913fb563-32d0-43f5-a4cd-e4d823514428	Scenic Painter	production	\N	\N	f	f	2026-02-23 17:42:05.207579+00	f8d7144d-4e85-4ae5-a87b-3134e20d5a78
c5c85665-4f84-4832-8dd2-ad441f89597a	39b5e382-87d5-4112-baaa-0696d687d634	53215072-449a-46c7-8e9e-4c0a819ab539	Costume Designer; Costume Shop Manager	production	\N	\N	f	f	2026-02-23 17:42:05.207579+00	a37526eb-8fd1-4057-a512-001f360ac539
31e0a9ae-7550-43f8-8dec-9923ec2b3371	39b5e382-87d5-4112-baaa-0696d687d634	cf5490d6-c866-4ce1-9a2d-9c5847386251	Assistant Props Master	production	\N	\N	f	f	2026-02-23 17:42:05.207579+00	2bd04f35-136e-40eb-9234-3ae4ed71e6d3
09d4165d-d756-4ee5-8912-de3a8642805a	39b5e382-87d5-4112-baaa-0696d687d634	ffe99c97-a17b-48ff-af2a-771cb32e449f	Production Electrician	production	\N	\N	f	f	2026-02-23 17:42:05.207579+00	e143be36-ad7e-4f1a-8ed8-a643a707dfec
f5e505d5-5eb1-487b-bac7-0a6b23d1ab7b	39b5e382-87d5-4112-baaa-0696d687d634	60fd7cd0-3501-4cdb-8525-6284cc2a30d7	Assistant Stage Manager	production	\N	\N	f	f	2026-02-23 17:42:05.207579+00	a340cab1-d6ae-4338-835d-e21c3226b778
5540c837-b39b-4db4-b95c-6fe31b577faf	39b5e382-87d5-4112-baaa-0696d687d634	7665a591-8363-45cb-a238-ce372ddf96fc	Master Carpenter & Scene Shop Supervisor	production	\N	\N	f	f	2026-02-23 17:42:05.207579+00	5c66eb74-ac84-4d41-a4e8-88c2c9cfb927
6d0a85d8-77e2-46e8-947f-1b3c74c1ae7c	39b5e382-87d5-4112-baaa-0696d687d634	26fba0a8-d12d-4ed9-8569-4921f5372499	Lighting Operator; Lighting Technician	production	\N	\N	f	f	2026-02-23 17:42:05.207579+00	d39d420c-9e63-498a-a394-70e2fa2dd10b
b98c14ab-e598-48e2-b455-70fc9ac7929f	39b5e382-87d5-4112-baaa-0696d687d634	4c220426-62bd-4b50-b9b3-662bd37d91fc	Dialect Coach; Intimacy Coordinator	production	\N	\N	f	f	2026-02-23 17:42:05.207579+00	cd5fd1e5-09cb-4801-bce2-35177ebaef87
f4e79334-2037-458f-a75d-1bf8cf33341e	39b5e382-87d5-4112-baaa-0696d687d634	921c0e12-e820-4772-aad7-50d77182abfc	Sound Designer	production	\N	\N	f	f	2026-02-23 17:42:05.207579+00	9d22fd99-0cf4-4418-b4fc-0f82e83d882c
f512df9e-cbd5-4c06-a4b4-61f0bbab9e91	39b5e382-87d5-4112-baaa-0696d687d634	0d8f2b34-463c-4adc-af5d-b17e5f21f821	Assistant Props Master	production	\N	\N	f	f	2026-02-23 17:42:05.207579+00	2bd04f35-136e-40eb-9234-3ae4ed71e6d3
bc477da1-d71c-4412-9dc6-d7396f5c4ace	39b5e382-87d5-4112-baaa-0696d687d634	3ea9331c-23f2-40b1-8a34-3f572f7bc5d4	Production Manager	production	\N	\N	f	f	2026-02-23 17:42:05.207579+00	5884b5c2-f3c6-4d3f-bea9-676764c94a78
f1ecfb7b-10ee-4c3a-8325-455130fbf1a6	39b5e382-87d5-4112-baaa-0696d687d634	69bea7ae-80c0-48bc-8ea5-7ae6e7cae614	Sound Operator; Sound Programmer	production	\N	\N	f	f	2026-02-23 17:42:05.207579+00	cf7a6658-626b-47f0-ac6a-f6a84bb880c6
9e6a56db-d42b-4551-af00-f8bb437e07e5	39b5e382-87d5-4112-baaa-0696d687d634	f65fc78b-aebb-4766-8a9b-0ad1821fdf02	Producer	production	\N	\N	f	f	2026-02-23 17:42:05.207579+00	f8a4fc3e-5dd5-4d1f-955b-701787187e74
6c5d459f-8f08-421a-b506-6b11c0fca4cd	39b5e382-87d5-4112-baaa-0696d687d634	490e320b-cd1a-4541-a8a7-7920f68eaf91	Anna Owens	cast	\N	\N	f	f	2026-02-23 17:42:05.207579+00	ae45084b-32f4-4ec0-9323-af167028e741
6a516f2c-d6ce-4c1c-a602-0a26a290b331	39b5e382-87d5-4112-baaa-0696d687d634	81fa2d1e-e30d-496c-820f-41f25af68022	Marco Delavicario	cast	\N	\N	f	f	2026-02-23 17:42:05.207579+00	ef28cecb-711c-4458-adce-a350d4aa3636
22bfee10-2dca-4289-8bbf-055e9a08858a	36bc3fcb-e24b-43f3-9be3-b1896ea0444d	5b1c8bb9-c12b-4327-ad6b-4b5e5eff7aa4	Costume Shop Manager	production	\N	\N	f	f	2026-02-25 05:59:27.995423+00	3c1b9f47-b433-4656-b6b4-b38ca10bf977
90911f4f-f9c7-4afd-a740-f1ee5ba85a9c	36bc3fcb-e24b-43f3-9be3-b1896ea0444d	b611d522-15e6-4ebb-aa78-dc954d8b0ac7	Props Master	production	\N	\N	f	f	2026-02-25 06:00:15.09526+00	6416b5d1-d78c-4e17-9832-303c36721a72
b96689ed-4910-46e6-a2a1-3ad5c8d4ba89	39b5e382-87d5-4112-baaa-0696d687d634	78b0ad5f-e921-4f6b-b4f5-386fa1a5b24a	Dolly West	cast	\N	\N	f	f	2026-02-23 17:42:05.207579+00	2d446887-611d-47b1-a744-0a2391acfbcc
9e1c669d-2737-402d-803a-15982814a161	39b5e382-87d5-4112-baaa-0696d687d634	dd4eca45-cfb3-4b15-8838-63835d98053a	Jamie O'Brien	cast	\N	\N	f	f	2026-02-23 17:42:05.207579+00	044f12cb-9223-426d-a264-5eb63b441964
a97a5068-933b-461d-bd4d-a6cc0b2228fc	39b5e382-87d5-4112-baaa-0696d687d634	4a524191-7467-4486-b6f1-e5b7acb23675	Alec Redding	cast	\N	\N	f	f	2026-02-23 17:42:05.207579+00	95b47e98-7a19-4cd2-81ca-c61e40c0caee
64ead38c-b033-4e88-8f30-6f1aa79f06d9	39b5e382-87d5-4112-baaa-0696d687d634	285151d1-62de-4e8f-85b6-eb51a6ffcac4	Rima West	cast	\N	\N	f	f	2026-02-23 17:42:05.207579+00	78c2f13d-69cd-4c08-9115-21248f679d4a
b4471db4-fe7a-4609-a876-711738e204cd	39b5e382-87d5-4112-baaa-0696d687d634	528feb50-9c24-4fce-82a7-9f633bae9682	Ned Horgan	cast	\N	\N	f	f	2026-02-23 17:42:05.207579+00	c05ea0d9-7fff-454c-b809-365e1c4c5391
3b83f0f6-f440-49a3-8ed0-51b8fb0c2080	39b5e382-87d5-4112-baaa-0696d687d634	75106f9c-7cb8-45f3-8c58-fa7f795ab0b4	Lighting Designer	production	\N	\N	f	f	2026-02-23 17:42:05.207579+00	cd0c8dec-3d9f-41a5-a7a5-59ef570f0bea
7f12c2b8-6951-4aa3-9641-a1ad99039810	39b5e382-87d5-4112-baaa-0696d687d634	5118e7fc-59b1-4074-aba8-c65ca6bd863c	Carpenter	production	\N	\N	f	f	2026-02-23 17:42:05.207579+00	07ec774a-73ae-4c41-942e-44eb21561337
e0e29ff2-e9e1-44ac-a197-f931a26be04b	39b5e382-87d5-4112-baaa-0696d687d634	8f75775f-f310-4c55-99b9-99a706f6c4c7	Wardrobe	production	\N	\N	f	f	2026-02-23 17:42:05.207579+00	32fda40e-b61b-4ba3-8620-a1ba18568c3d
3ef52015-9763-454c-bcfd-208689556757	39b5e382-87d5-4112-baaa-0696d687d634	4811eaec-2cc5-4eb1-8c5d-d3351e93977d	Stage Manager	production	\N	\N	f	f	2026-02-23 17:42:05.207579+00	c03aeba3-171c-432d-8db5-0411a2f81b57
f807c4c8-77b3-4e11-830b-4551ad9b79e4	39b5e382-87d5-4112-baaa-0696d687d634	36201c25-0d3b-4033-a91f-9716c2c938c5	Esther Horgan	cast	\N	\N	f	f	2026-02-23 17:42:05.207579+00	9a3a2077-44f4-4c8d-bf80-679cdb6deeb2
5b404400-170f-4c1f-b4f2-ede5a0aaffc4	39b5e382-87d5-4112-baaa-0696d687d634	1f172ea7-b1a4-431c-9b3d-2dd18891e4ee	Justin West	cast	\N	\N	f	f	2026-02-23 17:42:05.207579+00	1587f37a-69fc-43e8-b1f8-be5f711b955e
4ea0a089-42a0-49f9-bd2d-4bb66b84888b	36bc3fcb-e24b-43f3-9be3-b1896ea0444d	05767b1c-6501-4084-a924-aa491e0fe098	Assistant Scenic Painter	production	\N	\N	f	f	2026-02-23 18:55:45.209718+00	5e2e97ba-6bd3-44cf-a7fa-cb015127f3d6
8d639d8e-65d8-48f0-b2e8-20bbc44f7956	36bc3fcb-e24b-43f3-9be3-b1896ea0444d	6c854ec0-3ca0-4b9b-bcf7-bc76dae9bb16	Wardrobe	production	\N	\N	f	f	2026-02-23 18:55:45.209718+00	32fda40e-b61b-4ba3-8620-a1ba18568c3d
3474ece4-179b-4398-805f-39c651024191	36bc3fcb-e24b-43f3-9be3-b1896ea0444d	38b69659-8000-406b-b9e0-508f29ce9e50	Assistant Production Electrician	production	\N	\N	f	f	2026-02-23 18:55:45.209718+00	d6cb09cd-fb17-41ab-8854-deda1b593e6c
08418b96-c3e0-41c3-8515-2f9f5585c62d	36bc3fcb-e24b-43f3-9be3-b1896ea0444d	99988fad-b308-4213-b1cd-ee2117962c74	Scenic Painter	production	\N	\N	f	f	2026-02-23 18:55:45.209718+00	f8d7144d-4e85-4ae5-a87b-3134e20d5a78
46af7007-9726-42df-9b5f-929be70e9100	36bc3fcb-e24b-43f3-9be3-b1896ea0444d	7d6d5a7d-d844-4e03-95ba-bd11df76d35f	Wardrobe	production	\N	\N	f	f	2026-02-23 18:55:45.209718+00	32fda40e-b61b-4ba3-8620-a1ba18568c3d
c2b62503-39b0-493d-a413-843478c02514	36bc3fcb-e24b-43f3-9be3-b1896ea0444d	6bf9ded3-b625-42cb-9fc8-5ce37757a69e	Assistant Stage Manager	production	\N	\N	f	f	2026-02-23 18:55:45.209718+00	a340cab1-d6ae-4338-835d-e21c3226b778
adb98d30-ca70-4e10-ba9e-6f688ab48e14	36bc3fcb-e24b-43f3-9be3-b1896ea0444d	af55d165-787c-4325-ab18-31f46fe6f824	Production Electrician	production	\N	\N	f	f	2026-02-23 18:55:45.209718+00	e143be36-ad7e-4f1a-8ed8-a643a707dfec
68fdeed5-1056-4670-8657-359c77aaab58	36bc3fcb-e24b-43f3-9be3-b1896ea0444d	2e70a63e-d58c-4736-9883-b7d7e55609f9	Stage Manager	production	\N	\N	f	f	2026-02-23 18:55:45.209718+00	c03aeba3-171c-432d-8db5-0411a2f81b57
cbc5aa62-f200-4e89-99f7-c493818f4108	36bc3fcb-e24b-43f3-9be3-b1896ea0444d	b2b58bc4-c572-4f10-a67d-c48081df6af4	Assistant Stage Manager	production	\N	\N	f	f	2026-02-23 18:55:45.209718+00	a340cab1-d6ae-4338-835d-e21c3226b778
1fdf272b-63a6-4b3c-a027-727b3bfb1d19	36bc3fcb-e24b-43f3-9be3-b1896ea0444d	77614b5c-e9fd-4f94-aafa-b6a97abf6ea9	Master Carpenter & Scene Shop Supervisor	production	\N	\N	f	f	2026-02-23 18:55:45.209718+00	5c66eb74-ac84-4d41-a4e8-88c2c9cfb927
7ec51bbe-2125-4939-a269-eb20c271f325	36bc3fcb-e24b-43f3-9be3-b1896ea0444d	d80fa5a3-afa5-4085-a188-4258f1e01b71	Sound Operator	production	\N	\N	f	f	2026-02-23 18:55:45.209718+00	b1b2afc4-87d9-4cbd-b52f-3fd17c26e41d
e89d2b2e-6c58-424d-a90e-bda8f7495c52	36bc3fcb-e24b-43f3-9be3-b1896ea0444d	c1a3d97d-e44e-4c45-9f8b-6c57800bd140	Carpenter	production	\N	\N	f	f	2026-02-23 18:55:45.209718+00	07ec774a-73ae-4c41-942e-44eb21561337
9f7ed17e-5e0a-478b-a27e-904a162147fc	36bc3fcb-e24b-43f3-9be3-b1896ea0444d	c3186636-8f58-4df0-bf24-ae0edced8345	Assistant Stage Manager	production	\N	\N	f	f	2026-02-23 18:55:45.209718+00	a340cab1-d6ae-4338-835d-e21c3226b778
128d0884-ff8a-4de8-a40a-18eb8979c0f8	36bc3fcb-e24b-43f3-9be3-b1896ea0444d	a99001d1-9e42-4986-83a7-d5bef430221f	Claire Ganz	cast	\N	\N	f	f	2026-02-23 18:55:45.209718+00	7828129d-eac8-470c-9bc4-2db7930d39df
6f668fb2-19f0-4f40-abb5-9629cb191032	36bc3fcb-e24b-43f3-9be3-b1896ea0444d	bc9aba26-9af1-4309-b1a2-baef8c452c51	Officer Pudney	cast	\N	\N	f	f	2026-02-23 18:55:45.209718+00	fad4fdc0-3f5c-43b4-b322-cd5d57422180
f83f29cf-2e68-4ce3-bd9c-f4a82a7e60e0	36bc3fcb-e24b-43f3-9be3-b1896ea0444d	ca9013d2-d064-4cfa-856b-830b0b2bef74	Chris Gorman	cast	\N	\N	f	f	2026-02-23 18:55:45.209718+00	4d191a6d-14e2-4497-b94b-9cc17b58c860
fe574d94-4cf0-452f-8b92-caa602484368	36bc3fcb-e24b-43f3-9be3-b1896ea0444d	3cc608cd-f4f7-4f71-8fb6-a6a7f00a3417	Ernie Cusack	cast	\N	\N	f	f	2026-02-23 18:55:45.209718+00	2b6cb2e5-61fe-4333-8131-052950705084
67f735c2-e520-40c5-a45c-d3864039721e	36bc3fcb-e24b-43f3-9be3-b1896ea0444d	f78a0760-0238-42e2-9216-2200f496f6ae	Ken Gorman	cast	\N	\N	f	f	2026-02-23 18:55:45.209718+00	08d9d6a4-d87c-48e0-bad5-11903f301dd3
42e54854-d294-4ef2-8d1a-56cf70504551	36bc3fcb-e24b-43f3-9be3-b1896ea0444d	369ded7e-901a-4744-bfc0-8f8bab0b5f21	Cookie Cusack	cast	\N	\N	f	f	2026-02-23 18:55:45.209718+00	9c06f326-660a-465f-9e61-f08ea7376b60
626ec385-30b9-42f4-b3e9-cf0aeef2ba1e	36bc3fcb-e24b-43f3-9be3-b1896ea0444d	cd9aa423-21d8-40db-8fb1-51221d7605ac	Lenny Ganz	cast	\N	\N	f	f	2026-02-23 18:55:45.209718+00	0de61746-7e60-46aa-8d80-f388e9870618
b4b09fbc-9659-4ddc-b61f-ca378fb31ede	36bc3fcb-e24b-43f3-9be3-b1896ea0444d	6a5c6243-efca-436a-96e3-1c5af89a37d5	Cassie Cooper	cast	\N	\N	f	f	2026-02-23 18:55:45.209718+00	932b1e5a-b6b1-4b20-af16-51df53d38b03
9e751f35-328d-44e4-bb0a-54915df6258a	36bc3fcb-e24b-43f3-9be3-b1896ea0444d	f4b5b5b9-07bb-46c5-993c-7507e9dc2276	Glenn Cooper	cast	\N	\N	f	f	2026-02-23 18:55:45.209718+00	86eaeb64-bd60-40f1-b5fc-c9a1c5f0d8c9
ea9cd08a-5c2b-4fd2-a326-c324841fac39	36bc3fcb-e24b-43f3-9be3-b1896ea0444d	55ab1f30-2eb2-4198-b01b-38a580bed2bf	Assistant Producer	creative	\N	\N	f	f	2026-02-23 18:55:45.209718+00	4d25d776-8329-4d0a-b51e-41e3f2c2c07f
91491ac8-c58f-4544-8ca3-a70db3439bb1	36bc3fcb-e24b-43f3-9be3-b1896ea0444d	38df7599-eac0-4611-aa2b-1902e7dfc93b	Director	creative	\N	\N	f	f	2026-02-23 18:55:45.209718+00	1d3dabb4-637a-4e3d-b265-4e147d9a2e65
d74f0550-3106-4e19-82ff-1559d55b705d	36bc3fcb-e24b-43f3-9be3-b1896ea0444d	00302bef-d61b-4a82-8a63-5b02ee18e9bc	Lighting Designer	creative	\N	\N	f	f	2026-02-23 18:55:45.209718+00	4f393156-3796-4b70-afbd-83febd8c65bd
15d604ab-1dbc-4e2d-b366-1eb5fd043800	36bc3fcb-e24b-43f3-9be3-b1896ea0444d	15ffb09e-ee8c-435b-85c7-58990021900a	Assistant Dramaturg	creative	\N	\N	f	f	2026-02-23 18:55:45.209718+00	c9078663-4c9b-4797-b642-12524920cfaa
0243ce84-0f37-42fd-9ebc-b34da7f258e6	36bc3fcb-e24b-43f3-9be3-b1896ea0444d	014eaabd-46a7-45c2-a86b-94eee1e8db47	Production Manager	creative	\N	\N	f	f	2026-02-23 18:55:45.209718+00	76724ded-446d-40d2-8708-786ecaadbcf4
a2de5600-7022-474d-a717-b2be326db99a	36bc3fcb-e24b-43f3-9be3-b1896ea0444d	1619911f-cc9a-4437-9a78-e01582043a01	Assistant Director	creative	\N	\N	f	f	2026-02-23 18:55:45.209718+00	40ce92ee-b661-4b0a-ad71-ad1f7d6eedb3
62d2056f-208c-4e74-8602-554d230251df	36bc3fcb-e24b-43f3-9be3-b1896ea0444d	0d7aeb5a-c402-4b7e-9a7e-32875f5945ed	Scenic Designer	creative	\N	\N	f	f	2026-02-23 18:55:45.209718+00	23aefe1a-f690-4bdf-b42c-2f44ead3e01d
f52c9b26-7ae6-43eb-b199-5facd60be96e	36bc3fcb-e24b-43f3-9be3-b1896ea0444d	23657b58-9e88-4311-bde9-bdf7ef9d25a1	Sound Designer	creative	\N	\N	f	f	2026-02-23 18:55:45.209718+00	fbca2b5b-ba60-49e1-a417-c0e311246fc7
39708386-c83a-414f-a91b-a5de22f18b0e	36bc3fcb-e24b-43f3-9be3-b1896ea0444d	566a5db8-0292-4820-8cfd-62f6c742b151	Officer Welch	cast	\N	\N	f	f	2026-02-23 18:55:45.209718+00	65c99044-45b8-45a5-ada3-c8477aef5d23
e3927964-4102-4059-9775-68db6beedf5a	36bc3fcb-e24b-43f3-9be3-b1896ea0444d	c2dd42b1-46b7-4394-a27e-1d442642caf9	Dramaturg	creative	\N	\N	f	f	2026-02-23 18:55:45.209718+00	9442fbbc-5ada-4251-89de-b7d00a6d96be
ec3b1a65-f8ef-4da2-bea6-bc520573816c	36bc3fcb-e24b-43f3-9be3-b1896ea0444d	5b1c8bb9-c12b-4327-ad6b-4b5e5eff7aa4	Costume Designer	creative	\N	\N	f	f	2026-02-23 18:55:45.209718+00	ff23b3d9-9eef-4c3c-b21f-eecbad0883ed
14868ac6-4208-4359-8827-87459aed66a7	36bc3fcb-e24b-43f3-9be3-b1896ea0444d	b611d522-15e6-4ebb-aa78-dc954d8b0ac7	Props Designer	creative	\N	\N	f	f	2026-02-23 18:55:45.209718+00	1e3813e8-762b-4697-ac87-274799c9a219
\.


--
-- Data for Name: show_style_settings; Type: TABLE DATA; Schema: public; Owner: -
--

COPY public.show_style_settings (id, show_id, title_font, body_font, section_title_color, body_color, bio_name_color, section_title_size_pt, body_size_pt, bio_name_size_pt, safe_margin_in, density_mode, updated_at) FROM stdin;
b2ac0512-a13d-4957-a854-70e1ee08fccb	39b5e382-87d5-4112-baaa-0696d687d634	Oswald	Merriweather	#006b54	#000000	#006b54	14	10	11	0.50	normal	2026-02-21 21:09:39.003089+00
22867abe-b644-4657-8ee0-fdab90bbbf63	36bc3fcb-e24b-43f3-9be3-b1896ea0444d	Oswald	Merriweather	#006b54	#000000	#006b54	14	10	11	0.50	normal	2026-02-23 18:54:41.056582+00
\.


--
-- Data for Name: submission_requests; Type: TABLE DATA; Schema: public; Owner: -
--

COPY public.submission_requests (id, show_role_id, request_type, label, constraints, due_date, status, created_at, updated_at) FROM stdin;
b553d81e-3e05-4e1a-bc41-6c6ae287d585	4be94229-463c-4bdc-bad9-a345634d95a1	bio	Bio Submission	{"maxChars": 375}	\N	pending	2026-02-23 17:42:05.498092+00	2026-02-23 17:42:05.498092+00
3a104da1-d785-44c8-999f-3d62d13591c9	c2046804-467b-4cc5-931b-53bb82e13051	bio	Bio Submission	{"maxChars": 375}	\N	pending	2026-02-23 17:42:05.498092+00	2026-02-23 17:42:05.498092+00
a818a286-b59b-4f1a-93a7-4390e5aa5525	93badb8f-204a-408d-94db-24a898fa8460	bio	Bio Submission	{"maxChars": 375}	\N	pending	2026-02-23 17:42:05.498092+00	2026-02-23 17:42:05.498092+00
9ce139bf-b590-4680-b684-e788020909e2	11b12d02-c425-4417-bcb4-b785b770efc9	bio	Bio Submission	{"maxChars": 375}	\N	pending	2026-02-23 17:42:05.498092+00	2026-02-23 17:42:05.498092+00
213ecd39-5b01-499a-9ab4-d036b772f0de	1103c91a-47b8-4c7d-bfbc-09ad0ecd0cc5	bio	Bio Submission	{"maxChars": 375}	\N	pending	2026-02-23 17:42:05.498092+00	2026-02-23 17:42:05.498092+00
4d99c7db-407a-4cb9-a63b-8be6139a36d5	77543e01-d5d1-4559-a2d1-e3c4b37c0f9c	bio	Bio Submission	{"maxChars": 375}	\N	pending	2026-02-23 17:42:05.498092+00	2026-02-23 17:42:05.498092+00
0eebc3a9-d4cc-4110-b945-45847719fb2a	913971d5-b92b-448b-a883-828773052188	bio	Bio Submission	{"maxChars": 375}	\N	pending	2026-02-23 17:42:05.498092+00	2026-02-23 17:42:05.498092+00
4d999981-d1c3-47ff-8f88-f763c2104038	418ef510-f69c-467d-a050-396c7d65eca5	bio	Bio Submission	{"maxChars": 375}	\N	pending	2026-02-23 17:42:05.498092+00	2026-02-23 17:42:05.498092+00
96ae166d-0141-421d-ad3a-ea2ae9924f47	dea182d1-3d96-4da7-b397-106940f26b5a	bio	Bio Submission	{"maxChars": 375}	\N	pending	2026-02-23 17:42:05.498092+00	2026-02-23 17:42:05.498092+00
fd5bf3ef-cb91-4399-b641-29bc43aa3c9e	738d514d-7801-4857-8175-85803d1a8989	bio	Bio Submission	{"maxChars": 375}	\N	pending	2026-02-23 17:42:05.498092+00	2026-02-23 17:42:05.498092+00
d8f81a06-eb1c-4ae7-b2c9-d7e6f1ab367c	6c5d459f-8f08-421a-b506-6b11c0fca4cd	bio	Bio Submission	{"maxChars": 375}	\N	pending	2026-02-23 17:42:05.498092+00	2026-02-23 17:42:05.498092+00
08f6491c-f146-4f5e-b39a-3b795d6fd4be	6a516f2c-d6ce-4c1c-a602-0a26a290b331	bio	Bio Submission	{"maxChars": 375}	\N	pending	2026-02-23 17:42:05.498092+00	2026-02-23 17:42:05.498092+00
e51872b9-132a-4292-854a-7a4dc5959c3b	c5c85665-4f84-4832-8dd2-ad441f89597a	bio	Bio Submission	{"maxChars": 375}	\N	pending	2026-02-23 17:42:05.498092+00	2026-02-23 17:42:05.498092+00
2a336817-fd07-4bb6-bc9b-01a10492378e	31e0a9ae-7550-43f8-8dec-9923ec2b3371	bio	Bio Submission	{"maxChars": 375}	\N	pending	2026-02-23 17:42:05.498092+00	2026-02-23 17:42:05.498092+00
61e9a12b-61aa-4db9-a55d-646042b0ff27	09d4165d-d756-4ee5-8912-de3a8642805a	bio	Bio Submission	{"maxChars": 375}	\N	pending	2026-02-23 17:42:05.498092+00	2026-02-23 17:42:05.498092+00
a80641c9-786e-40b9-bdb1-2d938f80329f	b96689ed-4910-46e6-a2a1-3ad5c8d4ba89	bio	Bio Submission	{"maxChars": 375}	\N	pending	2026-02-23 17:42:05.498092+00	2026-02-23 17:42:05.498092+00
c304ba19-a828-42de-84b5-fa4c94ddaadd	9e1c669d-2737-402d-803a-15982814a161	bio	Bio Submission	{"maxChars": 375}	\N	pending	2026-02-23 17:42:05.498092+00	2026-02-23 17:42:05.498092+00
c62534b8-1187-49cc-b521-345010253763	f5e505d5-5eb1-487b-bac7-0a6b23d1ab7b	bio	Bio Submission	{"maxChars": 375}	\N	pending	2026-02-23 17:42:05.498092+00	2026-02-23 17:42:05.498092+00
4ca33eea-0324-4219-98a7-721114fbc0ff	5540c837-b39b-4db4-b95c-6fe31b577faf	bio	Bio Submission	{"maxChars": 375}	\N	pending	2026-02-23 17:42:05.498092+00	2026-02-23 17:42:05.498092+00
bb57d231-529a-439f-88c9-e68b6d3dd34f	a97a5068-933b-461d-bd4d-a6cc0b2228fc	bio	Bio Submission	{"maxChars": 375}	\N	pending	2026-02-23 17:42:05.498092+00	2026-02-23 17:42:05.498092+00
8e09ec9f-c937-4eb3-ae28-e70a6449b3ef	6d0a85d8-77e2-46e8-947f-1b3c74c1ae7c	bio	Bio Submission	{"maxChars": 375}	\N	pending	2026-02-23 17:42:05.498092+00	2026-02-23 17:42:05.498092+00
53ece207-0861-4009-90b5-b04ceeaad02e	b98c14ab-e598-48e2-b455-70fc9ac7929f	bio	Bio Submission	{"maxChars": 375}	\N	pending	2026-02-23 17:42:05.498092+00	2026-02-23 17:42:05.498092+00
76427954-d4e6-4225-adb4-278d0968c168	f4e79334-2037-458f-a75d-1bf8cf33341e	bio	Bio Submission	{"maxChars": 375}	\N	pending	2026-02-23 17:42:05.498092+00	2026-02-23 17:42:05.498092+00
36c50373-2b3b-4c8d-862c-826321a3a115	f512df9e-cbd5-4c06-a4b4-61f0bbab9e91	bio	Bio Submission	{"maxChars": 375}	\N	pending	2026-02-23 17:42:05.498092+00	2026-02-23 17:42:05.498092+00
cce9cca5-7b50-4b26-a706-c143531d1345	bc477da1-d71c-4412-9dc6-d7396f5c4ace	bio	Bio Submission	{"maxChars": 375}	\N	pending	2026-02-23 17:42:05.498092+00	2026-02-23 17:42:05.498092+00
af7e1596-1f11-4690-befb-f5574ac632e6	64ead38c-b033-4e88-8f30-6f1aa79f06d9	bio	Bio Submission	{"maxChars": 375}	\N	pending	2026-02-23 17:42:05.498092+00	2026-02-23 17:42:05.498092+00
abb2dd5a-c0df-4cac-b8d9-4457d1867954	f1ecfb7b-10ee-4c3a-8325-455130fbf1a6	bio	Bio Submission	{"maxChars": 375}	\N	pending	2026-02-23 17:42:05.498092+00	2026-02-23 17:42:05.498092+00
37c43c8d-8693-4b3b-813e-84034aa4f34c	9e6a56db-d42b-4551-af00-f8bb437e07e5	bio	Bio Submission	{"maxChars": 375}	\N	pending	2026-02-23 17:42:05.498092+00	2026-02-23 17:42:05.498092+00
5c4b591f-3979-4aa2-9b2a-cf201efbcbcf	b4471db4-fe7a-4609-a876-711738e204cd	bio	Bio Submission	{"maxChars": 375}	\N	pending	2026-02-23 17:42:05.498092+00	2026-02-23 17:42:05.498092+00
fecc915c-c056-40d6-9e05-791b6b60339b	3b83f0f6-f440-49a3-8ed0-51b8fb0c2080	bio	Bio Submission	{"maxChars": 375}	\N	pending	2026-02-23 17:42:05.498092+00	2026-02-23 17:42:05.498092+00
0a10fd8f-dee7-45d6-8233-8e20742c9d7f	7f12c2b8-6951-4aa3-9641-a1ad99039810	bio	Bio Submission	{"maxChars": 375}	\N	pending	2026-02-23 17:42:05.498092+00	2026-02-23 17:42:05.498092+00
9b52cb53-d551-492f-b4c4-37c74bc7ac4b	e0e29ff2-e9e1-44ac-a197-f931a26be04b	bio	Bio Submission	{"maxChars": 375}	\N	pending	2026-02-23 17:42:05.498092+00	2026-02-23 17:42:05.498092+00
506c925f-0107-481f-8eb4-f544a3f2ac5a	3ef52015-9763-454c-bcfd-208689556757	bio	Bio Submission	{"maxChars": 375}	\N	pending	2026-02-23 17:42:05.498092+00	2026-02-23 17:42:05.498092+00
86336dd5-1419-457b-b37e-be43dbc07d5a	f807c4c8-77b3-4e11-830b-4551ad9b79e4	bio	Bio Submission	{"maxChars": 375}	\N	pending	2026-02-23 17:42:05.498092+00	2026-02-23 17:42:05.498092+00
3a698a28-f918-4912-ae52-fe7fc54c8b55	5b404400-170f-4c1f-b4f2-ede5a0aaffc4	bio	Bio Submission	{"maxChars": 375}	\N	pending	2026-02-23 17:42:05.498092+00	2026-02-23 17:42:05.498092+00
cc013626-0cf5-4825-900c-b6ef2cdc3b4d	a2de5600-7022-474d-a717-b2be326db99a	bio	Bio Submission	{"maxChars": 375}	\N	approved	2026-02-23 18:55:45.592866+00	2026-02-25 06:58:58.51+00
3585b22d-8e1d-4941-b5c9-253a8e8bf427	fe574d94-4cf0-452f-8b92-caa602484368	bio	Bio Submission	{"maxChars": 375}	\N	approved	2026-02-23 18:55:45.592866+00	2026-02-25 06:59:05.166+00
82f5dbeb-f8f8-4205-95ef-c0409b4c3d58	39708386-c83a-414f-a91b-a5de22f18b0e	bio	Bio Submission	{"maxChars": 375}	\N	approved	2026-02-23 18:55:45.592866+00	2026-02-25 06:59:12.081+00
a3144c19-f555-4a8d-8cdd-a72c502a05a2	626ec385-30b9-42f4-b3e9-cf0aeef2ba1e	bio	Bio Submission	{"maxChars": 375}	\N	approved	2026-02-23 18:55:45.592866+00	2026-02-25 06:59:19.513+00
148dd158-32a4-4b26-9dad-b4e3e2d9ce74	4ea0a089-42a0-49f9-bd2d-4bb66b84888b	bio	Bio Submission	{"maxChars": 375}	\N	approved	2026-02-23 18:55:45.592866+00	2026-02-25 06:33:15.182+00
b109fda0-ff0c-48da-b451-6ba17c65712d	9e751f35-328d-44e4-bb0a-54915df6258a	bio	Bio Submission	{"maxChars": 375}	\N	approved	2026-02-23 18:55:45.592866+00	2026-02-25 06:59:25.934+00
ab3ff903-0b42-4fbf-92e3-bf6c2a2d3af2	15d604ab-1dbc-4e2d-b366-1eb5fd043800	bio	Bio Submission	{"maxChars": 375}	\N	approved	2026-02-23 18:55:45.592866+00	2026-02-25 06:58:50.715+00
18d17ffd-c5b4-4c9a-b6ce-7806a4a0ced8	91491ac8-c58f-4544-8ca3-a70db3439bb1	director_note	Director's Note Submission	{"maxWords": 400}	\N	approved	2026-02-24 07:03:51.103449+00	2026-02-25 07:00:42.291+00
b61d1da5-a2ea-4452-bd99-ad8ae073df72	8d639d8e-65d8-48f0-b2e8-20bbc44f7956	bio	Bio Submission	{"maxChars": 375}	\N	approved	2026-02-23 18:55:45.592866+00	2026-02-25 06:58:51.803+00
b678e588-10db-43fe-99f7-f3e52fb687b3	128d0884-ff8a-4de8-a40a-18eb8979c0f8	bio	Bio Submission	{"maxChars": 375}	\N	approved	2026-02-23 18:55:45.592866+00	2026-02-25 06:58:52.869+00
457ce3f7-a294-4c51-baef-5129ddb51f38	62d2056f-208c-4e74-8602-554d230251df	bio	Bio Submission	{"maxChars": 375}	\N	approved	2026-02-23 18:55:45.592866+00	2026-02-25 06:58:53.931+00
c72c44b9-0dba-4f81-8562-11fa7fc5a5b7	3474ece4-179b-4398-805f-39c651024191	bio	Bio Submission	{"maxChars": 375}	\N	approved	2026-02-23 18:55:45.592866+00	2026-02-25 06:58:54.997+00
f6bfd9ed-8562-4ba0-8ef2-e56c5808963c	08418b96-c3e0-41c3-8515-2f9f5585c62d	bio	Bio Submission	{"maxChars": 375}	\N	approved	2026-02-23 18:55:45.592866+00	2026-02-25 06:58:56.406+00
f9528484-b667-4c3b-915a-1c3d22df32c7	46af7007-9726-42df-9b5f-929be70e9100	bio	Bio Submission	{"maxChars": 375}	\N	approved	2026-02-23 18:55:45.592866+00	2026-02-25 06:58:57.461+00
a052e242-721c-468a-bed6-47dd41c3da59	ec3b1a65-f8ef-4da2-bea6-bc520573816c	bio	Bio Submission	{"maxChars": 375}	\N	approved	2026-02-23 18:55:45.592866+00	2026-02-25 06:58:59.548+00
3f328f6a-5c31-4d25-870e-1e1694ffdd0d	c2b62503-39b0-493d-a413-843478c02514	bio	Bio Submission	{"maxChars": 375}	\N	approved	2026-02-23 18:55:45.592866+00	2026-02-25 06:59:00.601+00
1d4f194c-48cb-4ecf-bcb9-0792d1cbcb0d	6f668fb2-19f0-4f40-abb5-9629cb191032	bio	Bio Submission	{"maxChars": 375}	\N	approved	2026-02-23 18:55:45.592866+00	2026-02-25 06:59:01.675+00
81c36318-6063-454e-b783-d1ad12f2ef8d	adb98d30-ca70-4e10-ba9e-6f688ab48e14	bio	Bio Submission	{"maxChars": 375}	\N	approved	2026-02-23 18:55:45.592866+00	2026-02-25 06:59:02.723+00
8960ee50-f074-4af1-a763-91a4a35d6b7a	f83f29cf-2e68-4ce3-bd9c-f4a82a7e60e0	bio	Bio Submission	{"maxChars": 375}	\N	approved	2026-02-23 18:55:45.592866+00	2026-02-25 06:59:04.118+00
7e178540-6175-4227-8348-2751a86837f0	68fdeed5-1056-4670-8657-359c77aaab58	bio	Bio Submission	{"maxChars": 375}	\N	approved	2026-02-23 18:55:45.592866+00	2026-02-25 06:59:06.229+00
f7aacb18-ae96-4e7c-934a-763fbc5cd121	67f735c2-e520-40c5-a45c-d3864039721e	bio	Bio Submission	{"maxChars": 375}	\N	approved	2026-02-23 18:55:45.592866+00	2026-02-25 06:59:07.324+00
897152fc-1eb6-4e9c-80af-17a30a6dd812	cbc5aa62-f200-4e89-99f7-c493818f4108	bio	Bio Submission	{"maxChars": 375}	\N	approved	2026-02-23 18:55:45.592866+00	2026-02-25 06:59:08.392+00
c332f88c-ae0e-481d-a347-373f284f3782	42e54854-d294-4ef2-8d1a-56cf70504551	bio	Bio Submission	{"maxChars": 375}	\N	approved	2026-02-23 18:55:45.592866+00	2026-02-25 06:59:09.518+00
3fc38c0c-3dbb-4caf-bb2a-276bfe083b9c	1fdf272b-63a6-4b3c-a027-727b3bfb1d19	bio	Bio Submission	{"maxChars": 375}	\N	approved	2026-02-23 18:55:45.592866+00	2026-02-25 06:59:10.594+00
265f4288-6e1f-4225-8d91-681a50ec6428	7ec51bbe-2125-4939-a269-eb20c271f325	bio	Bio Submission	{"maxChars": 375}	\N	approved	2026-02-23 18:55:45.592866+00	2026-02-25 06:59:13.145+00
f43a8672-e49e-4988-b700-56d8f290f39f	ea9cd08a-5c2b-4fd2-a326-c324841fac39	bio	Bio Submission	{"maxChars": 375}	\N	approved	2026-02-23 18:55:45.592866+00	2026-02-25 06:59:14.22+00
194f99aa-36ac-4130-a1ce-3d2b0a16ada6	0243ce84-0f37-42fd-9ebc-b34da7f258e6	bio	Bio Submission	{"maxChars": 375}	\N	approved	2026-02-23 18:55:45.592866+00	2026-02-25 06:59:15.295+00
2a2ecb86-5c49-45b8-9409-f48185021fab	e89d2b2e-6c58-424d-a90e-bda8f7495c52	bio	Bio Submission	{"maxChars": 375}	\N	approved	2026-02-23 18:55:45.592866+00	2026-02-25 06:59:16.362+00
5fe76c25-0760-4ca6-aa4f-be94ff933e4a	e3927964-4102-4059-9775-68db6beedf5a	bio	Bio Submission	{"maxChars": 375}	\N	approved	2026-02-23 18:55:45.592866+00	2026-02-25 06:59:17.411+00
ee4a6554-9bc0-466b-bbf1-e1dae0391af0	f52c9b26-7ae6-43eb-b199-5facd60be96e	bio	Bio Submission	{"maxChars": 375}	\N	approved	2026-02-23 18:55:45.592866+00	2026-02-25 06:59:18.468+00
29d81d08-eb36-4e5a-9f10-422ca5db9ca4	14868ac6-4208-4359-8827-87459aed66a7	bio	Bio Submission	{"maxChars": 375}	\N	approved	2026-02-23 18:55:45.592866+00	2026-02-25 06:59:20.582+00
36488245-743e-41af-9911-c40e17bad8d8	b4b09fbc-9659-4ddc-b61f-ca378fb31ede	bio	Bio Submission	{"maxChars": 375}	\N	approved	2026-02-23 18:55:45.592866+00	2026-02-25 06:59:21.646+00
2d56629d-cd28-40ce-afff-f60ef9d946c9	d74f0550-3106-4e19-82ff-1559d55b705d	bio	Bio Submission	{"maxChars": 375}	\N	approved	2026-02-23 18:55:45.592866+00	2026-02-25 06:59:22.74+00
f6131d90-8cf6-4ddd-aba7-620c41d9f8c0	9f7ed17e-5e0a-478b-a27e-904a162147fc	bio	Bio Submission	{"maxChars": 375}	\N	approved	2026-02-23 18:55:45.592866+00	2026-02-25 06:59:23.8+00
f0abb1be-7e49-46b3-bcf9-5849d62c8cad	91491ac8-c58f-4544-8ca3-a70db3439bb1	bio	Bio Submission	{"maxChars": 375}	\N	approved	2026-02-23 18:55:45.592866+00	2026-02-25 06:59:24.864+00
05194086-2093-4931-a57b-44c8ad286237	e3927964-4102-4059-9775-68db6beedf5a	dramaturgical_note	Dramaturgical Note Submission	{"maxWords": 400}	\N	approved	2026-02-24 07:03:51.25073+00	2026-02-25 07:00:04.935+00
\.


--
-- Data for Name: submissions; Type: TABLE DATA; Schema: public; Owner: -
--

COPY public.submissions (id, request_id, rich_text_json, plain_text, asset_refs, status, created_by, updated_by, created_at, updated_at) FROM stdin;
b86d464a-b0a5-4aa1-8189-043b8d718f7b	148dd158-32a4-4b26-9dad-b4e3e2d9ce74	{}	Adriana Fatato (she/her) is a graduate social work student. She has been a part of many theater productions. Her most recent role was Priest in Twelfth Night. She’s exploring a role backstage this semester with the Carpentry team as an Assistant Scenic Painter. She’s grateful for the support she has received from everyone throughout her years with Siena’s theater program.	[]	approved	\N	\N	2026-02-25 06:33:15.69853+00	2026-02-25 06:33:15.69853+00
8f20c9db-a515-4106-b148-5dae28c9ecc7	ab3ff903-0b42-4fbf-92e3-bf6c2a2d3af2	{}	Allison is a second year student at Siena studying chemistry. She has previously worked for Siena's production of Guys and Dolls and Stage III's Clown Bar. This is their first time in the world of dramaturgy, and she's so excited to see how the play comes together in the end! Enjoy the show!	[]	approved	\N	\N	2026-02-25 06:58:51.1428+00	2026-02-25 06:58:51.1428+00
9840d463-9d1f-41c2-8f25-068b0125f7e9	b61d1da5-a2ea-4452-bd99-ad8ae073df72	{}	Angie Brandt, a social work major at Siena University, is thrilled to join “Rumors.” From Ravena, NY, she’s been passionate about theatre for 11 years. Favorite roles include Spot Collin (Newsies) and Olivia's Assistant(Twelfth Night). She’s also worked wardrobe for A Maze and Guys and Dolls. Thanks to her friends and family!	[]	approved	\N	\N	2026-02-25 06:58:52.210103+00	2026-02-25 06:58:52.210103+00
7813d0fa-a6ab-4351-9190-40f4d3cf132a	b678e588-10db-43fe-99f7-f3e52fb687b3	{}	Annabelle Clemens (Claire Ganz), a freshman from Albany, NY, is excited to be making her Siena University theatre debut! Some favorite past credits include Fiddler on the Roof (Rabbi), Little Shop of Horrors (Audrey), and The Wedding Singer (Ensemble). She wants to give special thanks to Dr. O’Neill for always believing in her.	[]	approved	\N	\N	2026-02-25 06:58:53.289512+00	2026-02-25 06:58:53.289512+00
db93a87a-5ce9-4a5e-9031-1d32c9f0a867	457ce3f7-a294-4c51-baef-5129ddb51f38	{}	Brian Bernhard is a New York based set designer. Selected Credits include Real Women Have Curves (Broadway, asst.), A Little Treat (East Village Basement), The Pillowman (Headwall Theatre Company), Becoming Eve (NYTW, asst.)	[]	approved	\N	\N	2026-02-25 06:58:54.346423+00	2026-02-25 06:58:54.346423+00
b4d6e05f-dfa3-44aa-95d2-9dc505f7e6b4	c72c44b9-0dba-4f81-8562-11fa7fc5a5b7	{}		[]	approved	\N	\N	2026-02-24 06:03:59.037565+00	2026-02-25 06:58:54.997+00
55ef18f5-cc0b-4603-9dbb-dc9eaf7c9cd0	f6bfd9ed-8562-4ba0-8ef2-e56c5808963c	{}	Connor Rock (Scenic Painter) is an interdisciplinary artist and a Siena graduate. He gives endless thanks and gratitude to the Siena Creative Arts Department for propelling his journey as an artist and as a person, which has included getting his masters degree in England and writing for the Edinburgh Fringe Festival in Scotland.	[]	approved	\N	\N	2026-02-25 06:58:56.825004+00	2026-02-25 06:58:56.825004+00
ec7c59fa-9dc4-46d1-b30a-66507e0042f7	f9528484-b667-4c3b-915a-1c3d22df32c7	{}	Cora is a Siena sophomore. This is her first main stage production, but has a long history with both performance and makeup. Cora is excited to help with this production, and looks forward to many more in the future!	[]	approved	\N	\N	2026-02-25 06:58:57.875859+00	2026-02-25 06:58:57.875859+00
56b01163-053a-4302-903d-a7fe12fd19f9	cc013626-0cf5-4825-900c-b6ef2cdc3b4d	{}	Daniel is a senior Computer Science major, and Rumors is his sixth and final mainstage at Siena. He's excited for you to see everyone's hard work on stage! He'd like to thank his Director, Tom, his family, and all the friends and peers he's gotten to work with over the course of his time at Siena.	[]	approved	\N	\N	2026-02-25 06:58:58.919813+00	2026-02-25 06:58:58.919813+00
42954ea1-aaaa-4139-b0a8-90af792e8270	a052e242-721c-468a-bed6-47dd41c3da59	{}	Danielle Patton is a Costume Designer in the Albany area and has been working in costumes for over 20 years. She studied fashion design at FIT in New York, NY. She has worked with MadeXHudson, Khymanyo Studio, The Workroom NYC, Walt Disney World, The Egg and others. Her work has been featured locally at Electric City Couture, Albany Barn and Park Playhouse.	[]	approved	\N	\N	2026-02-25 06:58:59.965944+00	2026-02-25 06:58:59.965944+00
38ef3c33-fa93-4322-b639-dbab9ad39330	3f328f6a-5c31-4d25-870e-1e1694ffdd0d	{}	Elizabeth Holden (Assistant Stage Manager) is a senior Math Education and Psychology major from Long Island, New York. This is her fifth time working on a main stage show at Siena College and she is excited to be working with the cast and crew again. She is proud of everyone’s hard work and hopes you enjoy the show!	[]	approved	\N	\N	2026-02-25 06:59:01.039244+00	2026-02-25 06:59:01.039244+00
895ac130-8ccc-4017-87e7-240a4a4a575a	1d4f194c-48cb-4ecf-bcb9-0792d1cbcb0d	{}	Emma Is excited to be a part of this production, and can't wait to finally perform at Siena again. She has been in many plays before, including last semester's production of Twelfth Night. Rumors will be her second performance at Siena, and is looking forward to seeing all the hard work pay off!	[]	approved	\N	\N	2026-02-25 06:59:02.091534+00	2026-02-25 06:59:02.091534+00
32871ae8-1b18-4032-a971-d4be507c838a	81c36318-6063-454e-b783-d1ad12f2ef8d	{}		[]	approved	\N	\N	2026-02-24 06:04:22.581618+00	2026-02-25 06:59:02.723+00
61c1e383-3951-4af8-9e98-fb46dce54d12	3fc38c0c-3dbb-4caf-bb2a-276bfe083b9c	{}		[]	approved	\N	\N	2026-02-24 02:49:28.773816+00	2026-02-25 06:59:10.594+00
7cc87552-1739-4729-9bbf-c528ae5ea225	8960ee50-f074-4af1-a763-91a4a35d6b7a	{}	Grey Hertz is a Sophomore Theatre Performance Major from Bethlehem, NY! They have been in three other shows at Siena so far: Guys and Dolls (Sarah Brown), Clown Bar (Petunia), and Twelfth Night (Valentine). They want to thank everyone involved in the show and also thank their loved ones for the support! They are so excited to share this super funny show with you. Enjoy!	[]	approved	\N	\N	2026-02-25 06:59:04.529272+00	2026-02-25 06:59:04.529272+00
753b3061-74b2-4fab-a506-3e6f4574a481	f7aacb18-ae96-4e7c-934a-763fbc5cd121	{}	James Kelly (Ken) feels bittersweet about performing in his final show at Siena University. Over these four years he’s been a part of Doctor Faustus, Guys and Dolls, and Antigone, alongside directing last year’s student run production of Clown Bar. He would like to thank the cast and crew for this amazing opportunity to say goodbye and he hopes you enjoy the show!	[]	approved	\N	\N	2026-02-25 06:59:07.733203+00	2026-02-25 06:59:07.733203+00
491c7d22-9a64-4312-9975-b673d1950eda	f43a8672-e49e-4988-b700-56d8f290f39f	{}	Lilia Livolsi (Assistant Producer) is a junior Psychology and French major. She sings basically every day, including Sundays in the chapel as a cantor in Psalm 150. Her favorite show she worked on was Stage III's production of Clown Bar, which was her first time working as a producer! She also acted in several roles for Siena's 2024 Climate Justice plays. Enjoy the show!!	[]	approved	\N	\N	2026-02-25 06:59:14.649069+00	2026-02-25 06:59:14.649069+00
4e004c75-8b95-4523-9158-ecaf1fa95960	ee4a6554-9bc0-466b-bbf1-e1dae0391af0	{}	Orin is excited to be continuing his journey in Siena’s Creative Arts by taking a new step as the sound designer for rumors. This has been a huge opportunity for him, allowing him to learn more about the design process. Orin has previously worked as Assistant Sound Designer and Assistant Music Director for Siena shows. He hopes everyone enjoys the show!	[]	approved	\N	\N	2026-02-25 06:59:18.866745+00	2026-02-25 06:59:18.866745+00
2402459e-bfa6-428b-893e-e5a85be70323	a3144c19-f555-4a8d-8cdd-a72c502a05a2	{}	Patrick has been involved with Siena's theater since he stepped foot on campus, wherever there is theater, Patrick can be found. He is a computer science education major and a junior. On top of this, Patrick is also the secretary for Siena's wonderful Stage III! He would like to thank his family, friends, and girlfriend for their constant support throughout his journey.	[]	approved	\N	\N	2026-02-25 06:59:19.929857+00	2026-02-25 06:59:19.929857+00
47fe1235-ca85-4707-b017-45bbb5462c80	2d56629d-cd28-40ce-afff-f60ef9d946c9	{}	Samantha Weiser is a Brooklyn Based Lighting Designer and Associate. Previous design credits include: Sulfur Bottom (Theater Center, NYC), Twelfth Night (Siena College, NY), and Emilia (Long Island University, NY). More credits can be found at SamanthaWeiserLD.com	[]	approved	\N	\N	2026-02-25 06:59:23.16133+00	2026-02-25 06:59:23.16133+00
4360d90a-c6da-45b8-adfe-79c4fd65f33f	b109fda0-ff0c-48da-b451-6ba17c65712d	{}	Tommy Rooney is very excited to take part in Siena University theatre this year. He is a Senior Creative Arts major who has recently found a passion for acting. He appeared once before in Stage III's production, Clown Bar. However, Rumors will serve as his first appearance in a mainstage production! He is loving working alongside his friends and can't wait for the show!	[]	approved	\N	\N	2026-02-25 06:59:26.359348+00	2026-02-25 06:59:26.359348+00
ae10bb22-5ac0-4b60-8b84-7f2ff7c1c41f	3585b22d-8e1d-4941-b5c9-253a8e8bf427	{}	…is a third year Creative Arts and Theatre: Performance Track double major, with a Writing and Communications minor from Queens New York. He’s loved being part of the Siena theatre community, recently performing as Feste in Twelfth Night and currently serving as Stage III’s Vice President! He hopes you’ll split your ears from laughter!.. Not any other reason.	[]	approved	\N	\N	2026-02-25 06:59:05.571731+00	2026-02-25 06:59:05.571731+00
4cf3c2a9-da1b-45d1-9065-84a0c8a6f518	897152fc-1eb6-4e9c-80af-17a30a6dd812	{}	Though they have been in many shows, this is the first college production Jay has been a part of. When they're not feverishly working on scientific papers during rehearsal, Jay can be found doing their job by taking pictures of the cast and crew, creating sound effects for run throughs, or sprinting for stale bread to clean broken glass. She hopes you enjoy the show!	[]	approved	\N	\N	2026-02-25 06:59:08.809588+00	2026-02-25 06:59:08.809588+00
205c7914-33e6-4f25-b6c9-991b255cf3e8	82f5dbeb-f8f8-4205-95ef-c0409b4c3d58	{}	Based in Brooklyn, Joseph Duran is an actor/singer and this is his second main stage production where he plays as Officer Welch in Rumors. He was previously Duke Orsino in Twelfth Night and is an active participant in the Siena College Choir. He is currently a senior and is excited to be part of this show and would like to say a huge thanks to his family and best friends.	[]	approved	\N	\N	2026-02-25 06:59:12.496454+00	2026-02-25 06:59:12.496454+00
4904782c-9199-47c4-aa0a-689e043e14b9	194f99aa-36ac-4130-a1ce-3d2b0a16ada6	{}	Mike is a Designer & Innovator specializing in immersive experiences, audiovisual solutions, and entertainment design. As Siena University’s Production Manager, he oversees campus productions and designs. With over a decade of work spanning concerts, TV, and corporate events. He serves on the ACTF Region1 and Shaker Ridge boards and enjoys golf, skiing, and boating.	[]	approved	\N	\N	2026-02-25 06:59:15.720822+00	2026-02-25 06:59:15.720822+00
07738f97-84b8-4d7d-add9-070362ca696e	5fe76c25-0760-4ca6-aa4f-be94ff933e4a	{}	Nora has been in numerous productions before through her high school, but Rumors is her first college production and also her first as a dramaturg! She can often be found in a dark corner of Foy 107, frantically researching 1987 and bothering her favorite ASM, Jay. She would like to thank all of her friends for being the absolute best, and she hopes you all enjoy Rumors!	[]	approved	\N	\N	2026-02-25 06:59:17.837707+00	2026-02-25 06:59:17.837707+00
1f215b93-e73b-4c87-a67e-02f1aaa77c1f	29d81d08-eb36-4e5a-9f10-422ca5db9ca4	{}	I am a senior Creative Arts major with an Environmental Studies minor. I have really enjoyed my time working on the play this semester. Working on props has been a fun and challenging task and I’m so glad I got to be a part of this production.	[]	approved	\N	\N	2026-02-25 06:59:21.011094+00	2026-02-25 06:59:21.011094+00
678c62e5-6dae-4d7d-9ba6-feadc8c4e827	f6131d90-8cf6-4ddd-aba7-620c41d9f8c0	{}	Selyna is a Visual Arts & Design major who estatic to be involved with the Siena Theater Department. Involved with stage management once again, after being an ASM/A2 for Guys and Dolls & Actor Stage Manager for Twelfth Night. She is excited for this semester's show and for our future shows.	[]	approved	\N	\N	2026-02-25 06:59:24.226309+00	2026-02-25 06:59:24.226309+00
9d3a1c29-c4f4-4852-a1a0-f3596064247a	7e178540-6175-4227-8348-2751a86837f0	{}	Henry Ray Steinmetz (Stage Manager) is excited to get back into theatre at Siena! After taking one year off, he's had a great time rejoining the community this fall. As president of Stage III, Henry is thoroughly involved in both mainstage and club theater. He is proud of the cast and crew of this show for all of their hard work this semester! Break a leg!	[]	approved	\N	\N	2026-02-25 06:59:06.655349+00	2026-02-25 06:59:06.655349+00
02cac27f-3048-492e-8641-1a4eccf28ccd	c332f88c-ae0e-481d-a347-373f284f3782	{}	Jayden Wojcik is a junior majoring in Theatre Performance and Software Development from Glenmont, NY. Some recent shows he has been in are Siena's Twelfth Night, Siena’s Guys and Dolls, and Stage III's Clown Bar. This is also his first experience playing a female role! He would like to thank everyone involved in this hilarious production!	[]	approved	\N	\N	2026-02-25 06:59:09.943013+00	2026-02-25 06:59:09.943013+00
dddde24e-7b98-42e9-b616-dfd7b4a984c8	265f4288-6e1f-4225-8d91-681a50ec6428	{}	This is Liam’s third show here at Siena, and his first time working behind the scenes during his time at Siena. He hopes that you all enjoy the show just as much if not more than as much fun as he had working on it and working with everyone involved!	[]	approved	\N	\N	2026-02-25 06:59:13.564525+00	2026-02-25 06:59:13.564525+00
6505ea71-1c96-4a1f-b9b6-213d1648f971	2a2ecb86-5c49-45b8-9409-f48185021fab	{}	Hi! I'm a senior at Siena who is majoring in Tech Theater. This is the second play I've been involved in during my studies, and I am incredibly excited to have worked on this production. They say you learn something new every day, and I try to live by that. I hope you enjoy watching the performance as much as I enjoyed working on it!	[]	approved	\N	\N	2026-02-25 06:59:16.774144+00	2026-02-25 06:59:16.774144+00
a403a2eb-b787-489f-90d0-f4ae0cd07f07	36488245-743e-41af-9911-c40e17bad8d8	{}	Sam Rubinstein (Cassie Cooper) is thrilled to be doing another show at Siena! This is her first time acting in a main stage production, having previously done stage management and props. She is also involved with Stage III, and was Bobo in Clown Bar this past spring. She hopes you enjoy the show!	[]	approved	\N	\N	2026-02-25 06:59:22.067201+00	2026-02-25 06:59:22.067201+00
1205543a-5c74-474f-95ef-0329cea233e7	f0abb1be-7e49-46b3-bcf9-5849d62c8cad	{}	For 30+ years Tom Truss has been a performer, creator, and educator. His work has appeared from the Kennedy Center to the Wellington Fringe Festival. He has an MFA in Acting and another in Dance. He is certified in the Alexander Technique and Internal Family Systems, and is currently touring 3 shows: Tell Me What You Learned Tuesday, Tipsy MacBoozle, and ReWritten.	[]	approved	\N	\N	2026-02-25 06:59:25.284396+00	2026-02-25 06:59:25.284396+00
fb324bc9-5e50-470b-b875-1e898eb31fa5	05194086-2093-4931-a57b-44c8ad286237	{}	Neil Simon’s Rumors tells a winding, farcical tale of a chaotic dinner party where four New York power couples must hastily cover up a possible scandal. Our story takes place in May of 1987, in Sneden’s Landing, New York (modern-day Palisades), an affluent town on the Hudson known for its beautiful scenery and its rich and famous inhabitants. The 80s were a time of neon colors, new-wave ideas, exciting technologies, and pop culture icons; however on the other end of the spectrum, there was the cold professionalism of Wall Street, the HIV/AIDS epidemic, the Cold War, and moral panics. Neil Simon was a major figure on Broadway from the 1960s through the 1990s, where he wrote over 30 plays. His 23rd play, Rumors, made its Broadway debut at the Broadhurst Theatre on November 17, 1988, and ran until 1990. Directed by Gene Saks, the production featured Christine Baranski, Ken Howard, Ron Leibman, Joyce Van Patten and Jessica Walter. - Nora Schuyler, Dramaturg	[]	approved	\N	\N	2026-02-24 07:24:39.764896+00	2026-02-25 07:00:04.935+00
ea79c816-3738-453b-8cb2-99a4f2d562b4	18d17ffd-c5b4-4c9a-b6ce-7806a4a0ced8	{}	Welcome to live theater. There’s nothing quite like art unfolding in front of you in real time where you can experience the sweat, the mistakes, the mishaps and miracles. And welcome, too, to 1987—a world where “mobile phones” were rare and weighed over two pounds, screens weren’t yet glued to our hands, and people actually gathered in living rooms to talk. Or, in this case a living room in Sneden’s Landing, a burb just outside of New York City, where wild misunderstandings are about to take place. Rumors is my third production here at Siena. My first two were Frankenstein—part of Siena’s campus-wide celebration honoring the 200th anniversary of Mary Shelley’s groundbreaking novel—and Doctor Faustus by Christopher Marlowe. After those two heavy hitters, I longed to direct a comedy. To have the opportunity to explore the rhythm, precision, and physicality that make a farce sing has been a delight. There’s a special kind of magic that happens when not just actors, but humans of all ages, throw themselves fully into the ridiculous and the sincere at the same time. Coming to rehearsals over the past two months and playing with these wonderfully talented students has been the joy of my day. I could dig deep and claim that Rumors is apropos for our time—that this play reminds us how misinformation, assumptions, and preconceived notions can distort reality and tie us into knots. And sure, that’s in there somewhere. But honestly, why bother? What Rumors truly offers is lightening-speed, goofy fun—something I believe is always timely, and always needed. So please, let these actors and words do their work. May tonight be as much of a diversion and tonic for you, as this process has been for us. - Tom Truss, Director	[]	approved	\N	\N	2026-02-24 07:20:51.613362+00	2026-02-25 07:00:42.291+00
\.


--
-- Data for Name: user_profiles; Type: TABLE DATA; Schema: public; Owner: -
--

COPY public.user_profiles (user_id, email, platform_role, created_at) FROM stdin;
fb137e07-9006-47a3-9492-f4c155c31313	mlounello@siena.edu	owner	2026-02-21 21:08:16.170206+00
\.


--
-- PostgreSQL database dump complete
--

\unrestrict yGlQt3VVEAKzCkSdZBdDf6EEIQcfIEuLEBibT8Cl1YRGRZ1FSLSA9Oi14A96Jr4

